ID_Number,Authors,Author.s..ID,Title,Year,Assigned To,Added or Not Relevant?,Justification for Not Relevant,Source.title,Volume,Issue,Art..No.,Page.start,Page.end,Page.count,Cited.by,Abstract Filter,Filtered By (Initials),Second NA Filter,Second Filter By (Initials),DOI,"Filtering Reason (RAs do not fill this out, only for a reference guide)",Link,Filter Explanation (RAs do not fill this out),Document.Type,Publication.Stage,Access.Type,Source,EID,X
2329,"Moore, F.C., Diaz, D.B.",55066845400; 56519315300,Temperature impacts on economic growth warrant stringent mitigation policy,2015,Fran,Added,,Nature Climate Change,5,2,,127,131,NA,203,1,IR,,,10.1038/nclimate2481,Paper is about optimal climate policy in DICE,https://www.scopus.com/inward/record.url?eid=2-s2.0-84922984518&partnerID=40&md5=64532d34080a2f5553456bddf2d8f654,,Article,Final,,Scopus,2-s2.0-84922984518,
2542,"Lemoine, D., Traeger, C.",13806244300; 37125128200,Watch your step: Optimal policy in a tipping climate,2014,Fran,Added,,American Economic Journal: Economic Policy,6,1 B,,137,166,NA,108,1,NST,,,10.1257/pol.6.1.137,,https://www.scopus.com/inward/record.url?eid=2-s2.0-84893760791&partnerID=40&md5=603a12793893b6cc379931a3e94ef6f0,,Article,Final,,Scopus,2-s2.0-84893760791,
1812,"Lemoine, D., Traeger, C.P.",13806244300; 37125128200,Ambiguous tipping points,2016,Ivan,Added,,Journal of Economic Behavior and Organization,132,,,5,18,NA,11,NA,NST,1,IR,10.1016/j.jebo.2016.03.009,,https://www.scopus.com/inward/record.url?eid=2-s2.0-84964624202&partnerID=40&md5=e90aa42a9e7806453cbf226414dec6f5,,Article,Final,,Scopus,2-s2.0-84964624202,
194,"Rudik, I.",5.72E+10,Optimal climate policy when damages are unknown,2020,Ivan,Added,,American Economic Journal: Economic Policy,12,2,,340,373,NA,1,1,IR,,,10.1257/POL.20160541,"Paper is about optimal carbon taxes under uncertainty, has ""optimal climate policy"" and ""intergrated assessment model"" as good hints",https://www.scopus.com/inward/record.url?eid=2-s2.0-85085772017&partnerID=40&md5=3fc9ce25ca377abd7b73b8c67ee674e9,,Article,Final,,Scopus,2-s2.0-85085772017,
730,"Anthoff, D., Emmerling, J.",13002913500; 56524474400,Inequality and the social cost of carbon,2019,James,Added,,Journal of the Association of Environmental and Resource Economists,6,2,,243,273,NA,5,1,NST,,,10.1086/701900,,https://www.scopus.com/inward/record.url?eid=2-s2.0-85065911320&partnerID=40&md5=af66874e8cfd9d28d4b5af06be291333,,Article,Final,,Scopus,2-s2.0-85065911320,
71,"Kalkuhl, M., Wenz, L.",36646251800; 56422119800,The impact of climate conditions on economic production. Evidence from a global panel of regions,2020,James,Added,,Journal of Environmental Economics and Management,103,,102360,,,NA,NA,1,LE,,,10.1016/j.jeem.2020.102360,,https://www.scopus.com/inward/record.url?eid=2-s2.0-85089524083&partnerID=40&md5=e5d3027affef93419e5ad449b10301d0,,Article,Final,Open Access,Scopus,2-s2.0-85089524083,
2820,"Hope, C., Hope, M.",7005311126; 55369544100,The social cost of CO<inf>2</inf> in a low-growth world,2013,James,Added,,Nature Climate Change,3,8,,722,724,NA,5,1,CT,,,10.1038/nclimate1935,,https://www.scopus.com/inward/record.url?eid=2-s2.0-84880875571&partnerID=40&md5=8c2090e3e6f26a542b60cd189c1c141e,,Article,Final,,Scopus,2-s2.0-84880875571,
1255,"Gerlagh, R., Liski, M.",6602746685; 6603144640,Consistent climate policies,2018,Moritz,Added,,Journal of the European Economic Association,16,1,,1,44,NA,16,1,NST,,,10.1093/jeea/jvx010,,https://www.scopus.com/inward/record.url?eid=2-s2.0-85043586947&partnerID=40&md5=e90d567597555b975fbc421dfa885a88,,Article,Final,Open Access,Scopus,2-s2.0-85043586947,
3781,"Nordhaus, William",NA,Estimates of the Social Cost of Carbon: Concepts and Results from the DICE-2013R Model and Alternative Approaches,2014,Moritz,Added,,Journal of the Association of Environmental and Resource Economists,1,2-Jan,NA,273,NA,NA,NA,1,CT,,,,,https://search.proquest.com/docview/1958561743?accountid=14505,,Scholarly Journals,NA,NA,EconLit,NA,NA
8,"Glanemann, N., Willner, S.N., Levermann, A.",48861598400; 56421801500; 8856583300,Paris Climate Agreement passes the cost-benefit test,2020,Moritz,Not Relevant,,Nature Communications,11,1,110,,,NA,6,1,IR,,,10.1038/s41467-019-13961-1,Paper is about optimal climate policy (in reality this paper may not be exactly what we want since it's about the Paris Agreement but from the abstract it appears to fit),https://www.scopus.com/inward/record.url?eid=2-s2.0-85078353078&partnerID=40&md5=5897055b60420cce59bccd850929facb,,Article,Final,Open Access,Scopus,2-s2.0-85078353078,
620,"Dietz, S., Venmans, F.",21734306100; 55323083100,Cumulative carbon emissions and economic policy: In search of general principles,2019,Simon,Added,,Journal of Environmental Economics and Management,96,,,108,129,NA,7,1,IR,,,10.1016/j.jeem.2019.04.003,"Paper develops a model of climate policy, determines an optimal carbon price",https://www.scopus.com/inward/record.url?eid=2-s2.0-85066239097&partnerID=40&md5=30cf4c13a2f64e21820e4bd2f6b22e8c,,Article,Final,Open Access,Scopus,2-s2.0-85066239097,
2407,"Dietz, S., Stern, N.",21734306100; 7103384515,"Endogenous growth, convexity of damage and climate risk: How Nordhaus' framework supports deep cuts in carbon emissions",2015,Simon,Added,,Economic Journal,125,583,,574,620,NA,102,NA,NST,1,FM,10.1111/ecoj.12188,,https://www.scopus.com/inward/record.url?eid=2-s2.0-84925645545&partnerID=40&md5=3f2424c9852688f7ac222aa74eb09131,,Article,Final,Open Access,Scopus,2-s2.0-84925645545,
3168,"Dietz, S.",21734306100,"High impact, low probability? An empirical analysis of risk in the economics of climate change",2011,Simon,Added,,Climatic Change,108,3,,519,541,NA,46,0,CT,1,FM,10.1007/s10584-010-9993-4,,https://www.scopus.com/inward/record.url?eid=2-s2.0-80052930965&partnerID=40&md5=0002f714167aa3e6761ad33895477bdf,,Article,Final,,Scopus,2-s2.0-80052930965,
2473,"Nocera, S., Tonin, S.",6701688799; 23478482700,A joint probability density function for reducing the uncertainty of marginal social cost of carbon evaluation in transport planning,2014,Delavane,,,Advances in Intelligent Systems and Computing,262,,,113,126,NA,19,1,NST,,,10.1007/978-3-319-04630-3_9,,https://www.scopus.com/inward/record.url?eid=2-s2.0-84921825005&partnerID=40&md5=9ead259303c69d040d5f6c5c6f6986ef,,Article,Final,,Scopus,2-s2.0-84921825005,
2252,"Intalar, N., Phusittrakool, A., Jeenanunta, C., Dumrongsiri, A., Yenradee, P.",56707424400; 56707425800; 14219246500; 23059827700; 6603467817,A multi-objective unit commitment model for setting carbon tax to reduce CO<inf>2</inf> emission: Thailand’s electricity generation case,2015,Ivan,Not relevant,Paper is about how a carbon tax affects electricity generation costs in Thailand,EnvironmentAsia,8,2,,9,17,NA,1,1,NST,,,,,https://www.scopus.com/inward/record.url?eid=2-s2.0-84934755716&partnerID=40&md5=859dcd576918e52243b73c21f03130ed,,Article,Final,,Scopus,2-s2.0-84934755716,
342,"Kaufman, N., Barron, A.R., Krawczyk, W., Marsters, P., McJeon, H.",55786146600; 57206314427; 57218556854; 57218552802; 57203106769,A near-term to net zero alternative to the social cost of carbon for setting carbon prices,2020,Simon,Not relevant,,Nature Climate Change,,,,,,NA,NA,1,NST,,,10.1038/s41558-020-0880-3,,https://www.scopus.com/inward/record.url?eid=2-s2.0-85089463849&partnerID=40&md5=1852e1c05633ab74390086c4d7e89fbf,,Article,Article in Press,Open Access,Scopus,2-s2.0-85089463849,
750,"Tian, L., Ye, Q., Zhen, Z.",7202296248; 57204976490; 57190606849,A new assessment model of social cost of carbon and its situation analysis in China,2019,James,Delay,,Journal of Cleaner Production,211,,,1434,1443,NA,5,NA,NST,1,HFW,10.1016/j.jclepro.2018.11.117,,https://www.scopus.com/inward/record.url?eid=2-s2.0-85059303421&partnerID=40&md5=57aa2c12c8dd23730462326b8a151a40,,Article,Final,,Scopus,2-s2.0-85059303421,
3768,"Li, Bin",NA,A Quantitative Estimate on the Global Optimal Carbon Tax. (In Chinese. With English summary.),2013,Gernot,,,Journal of Quantitative and Technical Economics,30,4,NA,19,NA,NA,NA,1,CT,,,,,https://search.proquest.com/docview/1640476308?accountid=14505,,Scholarly Journals,NA,NA,EconLit,NA,NA
2883,"Newbold, S.C., Griffiths, C., Moore, C., Wolverton, A.N.N., Kopits, E.",10139389700; 7201983102; 57213137647; 23490875100; 13004682400,A rapid assessment model for understanding the social cost of carbon,2013,Moritz,,,Climate Change Economics,4,1,1350001,,,NA,16,1,CT,,,10.1142/S2010007813500012,,https://www.scopus.com/inward/record.url?eid=2-s2.0-84905241330&partnerID=40&md5=61c82b255fa67d4b072953d07c715187,,Article,Final,,Scopus,2-s2.0-84905241330,
1992,"van den Bijgaart, I., Gerlagh, R., Liski, M.",57164889400; 6602746685; 6603144640,A simple formula for the social cost of carbon,2016,Ivan,Added,,Journal of Environmental Economics and Management,77,,,75,94,NA,39,1,NST,,,10.1016/j.jeem.2016.01.005,,https://www.scopus.com/inward/record.url?eid=2-s2.0-84960480022&partnerID=40&md5=b0c89dfa3582627694c26b41e0bed34f,,Article,Final,,Scopus,2-s2.0-84960480022,
546,"Tol, R.S.J.",5.58E+10,A social cost of carbon for (almost) every country,2019,Delavane,,,Energy Economics,83,,,555,566,NA,8,1,YL,,,10.1016/j.eneco.2019.07.006,,https://www.scopus.com/inward/record.url?eid=2-s2.0-85071284972&partnerID=40&md5=6f20751b244862e5e6d7b292238f3e35,,Article,Final,,Scopus,2-s2.0-85071284972,
3795,"Pycroft, Jonathan;Vergano, Lucia;Hope, Chris;Paci, Daniele;Ciscar, Juan Carlos",NA,A Tale of Tails: Uncertainty and the Social Cost of Carbon Dioxide,2011,Fran,Added,,"Economics: The Open-Access, Open-Assessment E-Journal",5,,NA,,NA,NA,NA,1,CT,,,,,https://search.proquest.com/docview/925698604?accountid=14505,,Scholarly Journals,NA,NA,EconLit,NA,NA
343,"Mallapragada, D.S., Mignone, B.K.",36680295600; 16646699400,A theoretical basis for the equivalence between physical and economic climate metrics and implications for the choice of Global Warming Potential time horizon,2020,Moritz,,,Climatic Change,158,2,,107,124,NA,NA,1,NST,,,10.1007/s10584-019-02486-7,,https://www.scopus.com/inward/record.url?eid=2-s2.0-85073978705&partnerID=40&md5=db54f5f864c4cb69e7a6e22b4b23210f,,Article,Final,Open Access,Scopus,2-s2.0-85073978705,
2523,"Van der Ploeg, F.",6.70E+09,Abrupt positive feedback and the social cost of carbon,2014,Ivan,Added,,European Economic Review,67,,,28,41,NA,15,1,NST,,,10.1016/j.euroecorev.2014.01.004,,https://www.scopus.com/inward/record.url?eid=2-s2.0-84893789474&partnerID=40&md5=e582b161eeb99321401c9a453c3b7ae9,,Article,Final,,Scopus,2-s2.0-84893789474,
588,"Hwang, I.C., Tol, R.S.J., Hofkes, M.W.",57034735200; 55765581600; 6602999858,Active Learning and Optimal Climate Policy,2019,Ivan,Added,,Environmental and Resource Economics,73,4,,1237,1264,NA,1,1,HFW,,,10.1007/s10640-018-0297-x,,https://www.scopus.com/inward/record.url?eid=2-s2.0-85055998164&partnerID=40&md5=774cbcfc2b8491fa142a1270e5b08ddf,,Article,Final,,Scopus,2-s2.0-85055998164,
2532,"Heal, G.M., Millner, A.",56070067100; 25926622900,Agreeing to disagree on climate policy,2014,Fran,Added,,Proceedings of the National Academy of Sciences of the United States of America,111,10,,3695,3698,NA,30,1,NST,,,10.1073/pnas.1315987111,,https://www.scopus.com/inward/record.url?eid=2-s2.0-84896294587&partnerID=40&md5=10c24d85ab0596110164cc8f7ab75dee,,Article,Final,Open Access,Scopus,2-s2.0-84896294587,
3025,"Zang, H., Xu, Y., Li, W., Huang, G., Liu, D.",36119453100; 57198771607; 56178782600; 55489745300; 57199027589,An uncertain energy planning model under carbon taxes,2012,James,Not relevant,No damages,Frontiers of Environmental Science and Engineering in China,6,4,,549,558,NA,4,1,CT,,,10.1007/s11783-012-0414-y,,https://www.scopus.com/inward/record.url?eid=2-s2.0-84865570868&partnerID=40&md5=8af4aaad51c9fb8360498c9ba4079a88,,Article,Final,,Scopus,2-s2.0-84865570868,
786,"Bretschger, L., Pattakou, A.",6602609744; 57195226165,As Bad as it Gets: How Climate Damage Functions Affect Growth and the Social Cost of Carbon,2019,Gernot,,,Environmental and Resource Economics,72,1,,5,26,NA,14,1,NST,,,10.1007/s10640-018-0219-y,,https://www.scopus.com/inward/record.url?eid=2-s2.0-85040862423&partnerID=40&md5=9448fad46bf376d7279bb78a0dc61b54,,Article,Final,Open Access,Scopus,2-s2.0-85040862423,
2200,"Mattauch, L., Creutzig, F., Edenhofer, O.",56613385200; 23995215600; 55868364000,Avoiding carbon lock-in: Policy options for advancing structural change,2015,Simon,Not relevant?,,Economic Modelling,50,,,49,63,NA,14,1,NST,,,10.1016/j.econmod.2015.06.002,,https://www.scopus.com/inward/record.url?eid=2-s2.0-84935036809&partnerID=40&md5=6a1af9c4db3e8c181162aab72baae171,,Article,Final,,Scopus,2-s2.0-84935036809,
1191,"Barrage, L.",3.52E+10,Be careful what you calibrate for: Social discounting in general equilibrium,2018,Moritz,,,Journal of Public Economics,160,,,33,49,NA,5,1,AZ,,,10.1016/j.jpubeco.2018.02.012,,https://www.scopus.com/inward/record.url?eid=2-s2.0-85043601241&partnerID=40&md5=c76a30340182bcae72accda4dd8da9c4,,Article,Final,,Scopus,2-s2.0-85043601241,
3557,"Lindholt, L.",8.91E+09,Beyond Kyoto: Backstop technologies and endogenous prices on CO<inf>2</inf> permits and fossil fuels,2005,Delavane,,,Applied Economics,37,17,,2019,2036,NA,2,NA,CT,1,NST,10.1080/00036840500217697,,https://www.scopus.com/inward/record.url?eid=2-s2.0-27144513726&partnerID=40&md5=dbceca4fb712bd021e5270d50f18cbc1,,Article,Final,,Scopus,2-s2.0-27144513726,
2514,"Gerlagh, R.",6.60E+09,"Calculating the social costs of carbon without knowing preferences comment on ""a rapid assessment model for understanding the social cost of carbon""",2014,Fran,Not relevant,"Critique of Newbold et al 2013 - pointing out sensitivity to currency choice in calcuating ""certainty equivalent"" SCC values",Climate Change Economics,5,2,1450004,,,NA,3,1,NST,,,10.1142/S2010007814500043,,https://www.scopus.com/inward/record.url?eid=2-s2.0-85027423131&partnerID=40&md5=b9bfa9e5f765a1232d6c28e7fcae0f15,,Article,Final,,Scopus,2-s2.0-85027423131,
2219,"Nocera, S., Tonin, S., Cavallaro, F.",6701688799; 23478482700; 50861201600,Carbon estimation and urban mobility plans: Opportunities in a context of austerity,2015,Moritz,,,Research in Transportation Economics,51,,,71,82,NA,20,1,NST,,,10.1016/j.retrec.2015.07.009,,https://www.scopus.com/inward/record.url?eid=2-s2.0-84981267531&partnerID=40&md5=f37761a0dee28813173b92072cb8ad1a,,Article,Final,,Scopus,2-s2.0-84981267531,
1209,"Gerlagh, R., Liski, M.",6602746685; 6603144640,Carbon Prices for the Next Hundred Years,2018,Simon,Added,,Economic Journal,128,609,,728,757,NA,16,1,AZ,,,10.1111/ecoj.12436,,https://www.scopus.com/inward/record.url?eid=2-s2.0-85019661830&partnerID=40&md5=cd2cc35016ebb40afd99e934e9862c64,,Article,Final,,Scopus,2-s2.0-85019661830,
1543,"Belfiori, M.E.",5.72E+10,"Carbon pricing, carbon sequestration and social discounting",2017,James,Not relevant,Analytical-only,European Economic Review,96,,,1,17,NA,6,1,NST,,,10.1016/j.euroecorev.2017.03.015,,https://www.scopus.com/inward/record.url?eid=2-s2.0-85018762293&partnerID=40&md5=175bcaba48e4c6fdbfac7df3c3888326,,Article,Final,,Scopus,2-s2.0-85018762293,
1781,"Wesseh, P.K., Lin, B., Atsagli, P.",55337880800; 35098935000; 57044730700,"Carbon taxes, industrial production, welfare and the environment",2017,Delavane,,,Energy,123,,,305,313,NA,15,1,NST,,,10.1016/j.energy.2017.01.139,,https://www.scopus.com/inward/record.url?eid=2-s2.0-85012108007&partnerID=40&md5=64f61dc1f400f5fbf824ff719eff0772,,Article,Final,,Scopus,2-s2.0-85012108007,
2388,"Halkos, G.E.",6.70E+09,Climate change actions for sustainable development,2015,Gernot,,,International Journal of Innovation and Sustainable Development,9,2,,118,136,NA,7,1,NST,,,10.1504/IJISD.2015.068785,,https://www.scopus.com/inward/record.url?eid=2-s2.0-84928029068&partnerID=40&md5=14501279cd22994f7fb843281cf70556,,Article,Final,,Scopus,2-s2.0-84928029068,
240,"Lamperti, F., Dosi, G., Napoletano, M., Roventini, A., Sapio, A.",56966583400; 6603808130; 16507515900; 24067448600; 36158705400,Climate change and green transitions in an agent-based integrated assessment model,2020,James,Not relevant,No marginal effects computed,Technological Forecasting and Social Change,153,,119806,,,NA,1,1,NST,,,10.1016/j.techfore.2019.119806,,https://www.scopus.com/inward/record.url?eid=2-s2.0-85078903897&partnerID=40&md5=7a396cf28d50836d5c711a9050ced1d8,,Article,Final,,Scopus,2-s2.0-85078903897,
1474,"Brock, W., Xepapadeas, A.",35319716100; 6701402028,Climate change policy under polar amplification,2017,Fran,Added,,European Economic Review,99,,,93,112,NA,3,1,NST,,,10.1016/j.euroecorev.2017.06.008,,https://www.scopus.com/inward/record.url?eid=2-s2.0-85032165564&partnerID=40&md5=50c61149a345708f87ba066c7944a2e4,,Article,Final,,Scopus,2-s2.0-85032165564,
1185,"Guivarch, C., Pottier, A.",26635149200; 55452147300,Climate Damage on Production or on Growth: What Impact on the Social Cost of Carbon?,2018,Simon,Added,,Environmental Modeling and Assessment,23,2,,117,130,NA,3,1,AZ,,,10.1007/s10666-017-9572-4,,https://www.scopus.com/inward/record.url?eid=2-s2.0-85030712697&partnerID=40&md5=3d45c3829e64ede59b5fe54ca165814f,,Article,Final,,Scopus,2-s2.0-85030712697,
3050,"Ackerman, F., Munitz, C.",36877553300; 55177026700,Climate damages in the FUND model: A disaggregated analysis,2012,Moritz,,,Ecological Economics,77,,,219,224,NA,28,NA,CT,1,NST,10.1016/j.ecolecon.2012.03.005,,https://www.scopus.com/inward/record.url?eid=2-s2.0-84860307684&partnerID=40&md5=dab7e85930f7ad46ee5d31171f86ef4c,,Article,Final,,Scopus,2-s2.0-84860307684,
108,"Hänsel, M.C., Drupp, M.A., Johansson, D.J.A., Nesje, F., Azar, C., Freeman, M.C., Groom, B., Sterner, T.",57217775596; 36715802200; 7003521825; 57204868529; 7005678429; 8349635100; 9740614000; 7003689925,Climate economics support for the UN climate targets,2020,Moritz,,,Nature Climate Change,10,8,,781,789,NA,1,1,IR,,,10.1038/s41558-020-0833-x,Compute optimal climate paths in DICE,https://www.scopus.com/inward/record.url?eid=2-s2.0-85087809178&partnerID=40&md5=7d1b58780fb646ef9f46dc22121ebb5e,,Article,Final,Open Access,Scopus,2-s2.0-85087809178,
2562,"Moyer, E.J., Woolley, M.D., Matteson, N.J., Glotter, M.J., Weisbach, D.A.",7006539346; 7006124453; 56395522700; 55826694700; 6603138636,Climate impacts on economic growth as drivers of uncertainty in the social cost of carbon,2014,Delavane,,,Journal of Legal Studies,43,2,,401,425,NA,29,1,NST,,,10.1086/678140,,https://www.scopus.com/inward/record.url?eid=2-s2.0-84908259726&partnerID=40&md5=17da77aa3bdd2d37dcd84d7b13b7b7d7,,Article,Final,,Scopus,2-s2.0-84908259726,
1538,"Chen, D.B., van der Beek, J., Cloud, J.",57203160379; 57203158389; 57203162132,Climate mitigation policy as a system solution: addressing the risk cost of carbon,2017,Ivan,Not relevant,No estimates and something about risk and currency,Journal of Sustainable Finance and Investment,7,3,,233,274,NA,3,1,NST,,,10.1080/20430795.2017.1314814,,https://www.scopus.com/inward/record.url?eid=2-s2.0-85050765304&partnerID=40&md5=e5e7b96f142b3a3f5383c8ad09750c12,,Article,Final,,Scopus,2-s2.0-85050765304,
1465,"Rezai, A., van der Ploeg, F.",36859652300; 6701915911,Climate policies under climate model uncertainty: Max-min and min-max regret,2017,Simon,Added,,Energy Economics,68,,,4,16,NA,4,1,NST,,,10.1016/j.eneco.2017.10.018,,https://www.scopus.com/inward/record.url?eid=2-s2.0-85033566417&partnerID=40&md5=a4456ccbf63dc0ebc7d5d1c9de82318e,,Article,Final,,Scopus,2-s2.0-85033566417,
1949,"Hassler, J., Krusell, P., Nycander, J.",7004726994; 57203285766; 7003720413,Climate policy,2016,James,Added,,Economic Policy,31,87,eiw007,503,558,NA,6,1,NST,,,10.1093/epolic/eiw007,,https://www.scopus.com/inward/record.url?eid=2-s2.0-85014396079&partnerID=40&md5=4a82e17cd0d868f70f7fae0d5e21df5a,,Article,Final,Open Access,Scopus,2-s2.0-85014396079,
2913,"Hwang, I.C., Reynès, F., Tol, R.S.J.",57034735200; 15729827000; 55765581600,Climate Policy Under Fat-Tailed Risk: An Application of Dice,2013,Gernot,,,Environmental and Resource Economics,56,3,,415,436,NA,15,NA,CT,1,NST,10.1007/s10640-013-9654-y,,https://www.scopus.com/inward/record.url?eid=2-s2.0-84887319232&partnerID=40&md5=224aadad199839ebf10555473d19058d,,Article,Final,,Scopus,2-s2.0-84887319232,
2599,"Anthoff, D., Tol, R.S.J.",13002913500; 55765581600,Climate policy under fat-tailed risk: An application of FUND,2014,Ivan,Added,,Annals of Operations Research,220,1,,223,237,NA,9,1,NST,,,10.1007/s10479-013-1343-2,,https://www.scopus.com/inward/record.url?eid=2-s2.0-84906076872&partnerID=40&md5=783b46f5a6a841cf141d6555ee78048c,,Article,Final,,Scopus,2-s2.0-84906076872,
2952,"Schmidt, M.G.W., Held, H., Kriegler, E., Lorenz, A.",57199866211; 7005187754; 55881072300; 26537921200,Climate Policy Under Uncertain and Heterogeneous Climate Damages,2013,Fran,Not Relevant,"Paper is relevant (about damge heterogeneity, uncertainty and inequality aversion), but does not report a SCC. ",Environmental and Resource Economics,54,1,,79,99,NA,10,NA,CT,1,NST,10.1007/s10640-012-9582-2,,https://www.scopus.com/inward/record.url?eid=2-s2.0-84872815540&partnerID=40&md5=f220124d3cdf50768c615eb8e46ee929,,Article,Final,,Scopus,2-s2.0-84872815540,
1170,"Botzen, W.J.W., Van Den Bergh, J.C.J.M., Chichilnisky, G.",24072972400; 7006196632; 7004033812,Climate policy without intertemporal dictatorship: Chichilnisky criterion versus classical utilitarianism in dice,2018,Moritz,,,Climate Change Economics,9,2,1850002,,,NA,1,1,AZ,,,10.1142/S2010007818500021,,https://www.scopus.com/inward/record.url?eid=2-s2.0-85045452854&partnerID=40&md5=5528fb36794c20908bca2c34c72deab7,,Article,Final,,Scopus,2-s2.0-85045452854,
3395,"Newbold, S.C., Daigneault, A.",10139389700; 12767813000,Climate response uncertainty and the benefits of greenhouse gas emissions reductions,2009,Fran,Not Relevant,"Paper is relevant (about fat tailed uncertainty) but reports total WTP to avoid climate damages, not marginal SCC",Environmental and Resource Economics,44,3,,351,377,NA,37,1,CT,,,10.1007/s10640-009-9290-8,,https://www.scopus.com/inward/record.url?eid=2-s2.0-76149142167&partnerID=40&md5=f370377a83ec62f1d171709597a95211,,Article,Final,,Scopus,2-s2.0-76149142167,
3016,"Ackerman, F., Stanton, E.A.",36877553300; 20434608100,Climate risks and carbon prices: Revising the social cost of carbon,2012,Delavane,,,Economics,6,,,,,NA,128,1,CT,,,10.5018/economics-ejournal.ja.2012-10,,https://www.scopus.com/inward/record.url?eid=2-s2.0-84865101604&partnerID=40&md5=0ff3ee7772a00041bd5d2869769cae19,,Article,Final,Open Access,Scopus,2-s2.0-84865101604,
137,"Dayaratna, K.D., McKitrick, R., Michaels, P.J.",13405218400; 6603036806; 57214481486,"Climate sensitivity, agricultural productivity and the social cost of carbon in FUND",2020,Fran,Added,,Environmental Economics and Policy Studies,22,3,,433,448,NA,1,NA,LE,1,NST,10.1007/s10018-020-00263-w,,https://www.scopus.com/inward/record.url?eid=2-s2.0-85078298879&partnerID=40&md5=e1e65de3190aef35c551147b9f06b4c2,,Article,Final,Open Access,Scopus,2-s2.0-85078298879,
1004,"van der Ploeg, F., de Zeeuw, A.",6701915911; 6602858312,Climate tipping and economic growth: Precautionary capital and the price of carbon,2018,Simon,Added,,Journal of the European Economic Association,16,5,,1577,1617,NA,7,1,AZ,,,10.1093/jeea/jvx036,,https://www.scopus.com/inward/record.url?eid=2-s2.0-85054690814&partnerID=40&md5=e93b898e9490961ec15561c187b38bad,,Article,Final,,Scopus,2-s2.0-85054690814,
924,"Ekholm, T.",2.36E+10,Climatic Cost-benefit Analysis Under Uncertainty and Learning on Climate Sensitivity and Damages,2018,Ivan,Added,,Ecological Economics,154,,,99,106,NA,4,1,NST,,,10.1016/j.ecolecon.2018.07.024,,https://www.scopus.com/inward/record.url?eid=2-s2.0-85051140978&partnerID=40&md5=f4fd70a5196cc58df1c4687f3e733ced,,Article,Final,,Scopus,2-s2.0-85051140978,
1130,"Shawhan, D.L.",3.62E+10,Co-emission and welfare effects of electricity policy and market changes: Results from the EMF 32 model intercomparison project,2018,Delavane,,,Energy Economics,73,,,380,392,NA,1,NA,AZ,1,HFW,10.1016/j.eneco.2018.03.034,,https://www.scopus.com/inward/record.url?eid=2-s2.0-85047546782&partnerID=40&md5=15411c84a1768fe793afd131c29d087c,,Article,Final,,Scopus,2-s2.0-85047546782,
1541,"Pindyck, R.S.",6.70E+09,"Coase Lecture—Taxes, Targets and the Social Cost of Carbon",2017,James,Added,,Economica,84,335,,345,364,NA,10,1,NST,,,10.1111/ecca.12243,,https://www.scopus.com/inward/record.url?eid=2-s2.0-85019749210&partnerID=40&md5=c7dfd07992b6f87e744a24c4d526288a,,Article,Final,Open Access,Scopus,2-s2.0-85019749210,
188,"Chan, Y.T.",5.72E+10,Collaborative optimal carbon tax rate under economic and energy price shocks: A dynamic stochastic general equilibrium model approach,2020,Delavane,,,Journal of Cleaner Production,256,,120452,,,NA,1,1,NST,,,10.1016/j.jclepro.2020.120452,,https://www.scopus.com/inward/record.url?eid=2-s2.0-85079327423&partnerID=40&md5=c4d5216a44d6c02b89d638ce9ba732cb,,Article,Final,,Scopus,2-s2.0-85079327423,
808,"Asplund, D.",5.72E+10,Combining discounting and distributional weights. Lessons from climate change economic assessments,2019,Gernot,,,Economics and Policy of Energy and the Environment,2019,1,,181,201,NA,NA,NA,NST,1,HFW,10.3280/EFE2019-001012,,https://www.scopus.com/inward/record.url?eid=2-s2.0-85084291636&partnerID=40&md5=ef3137eb5cf00138bbba9c08c79aa9e8,,Article,Final,,Scopus,2-s2.0-85084291636,
3634,"Pizer, W.A.",6.60E+09,Combining price and quantity controls to mitigate global climate change,2002,Simon,Added,,Journal of Public Economics,85,3,,409,434,NA,305,1,CT,,,10.1016/S0047-2727(01)00118-9,,https://www.scopus.com/inward/record.url?eid=2-s2.0-0036314604&partnerID=40&md5=6c4a95b9a3b54e1b06401ea8d288a190,,Article,Final,,Scopus,2-s2.0-0036314604,
3758,"Hope, Chris W",NA,Commentary: The Social Cost of Carbon: What Does It Actually Depend On?,2006,James,Added,,Climate Policy,6,5,NA,565,NA,NA,NA,NA,CT,1,NST,,,https://search.proquest.com/docview/56646221?accountid=14505,,Scholarly Journals,NA,NA,EconLit,NA,NA
2415,"Wilkerson, J.T., Leibowicz, B.D., Turner, D.D., Weyant, J.P.",35225507400; 55998327100; 56454748600; 7003413782,Comparison of integrated assessment models: Carbon price impacts on U.S. energy,2015,Delavane,,,Energy Policy,76,,,18,31,NA,21,1,NST,,,10.1016/j.enpol.2014.10.011,,https://www.scopus.com/inward/record.url?eid=2-s2.0-84919476047&partnerID=40&md5=de926b1303abb05aec281f6c77c7d3c2,,Article,Final,Open Access,Scopus,2-s2.0-84919476047,
2408,"Wu, Y.-C., Huang, W.-L., Hsu, Y.-F., Wang, S.-C., Lin, J.-Y., Chen, M.-J.",56093260500; 8705815000; 55541417200; 36728478900; 56129777000; 54790675500,Computational framework for optimal carbon taxes based on electric supply chain considering transmission constraints and losses,2015,Delavane,,,Mathematical Problems in Engineering,2015,,395973,,,NA,1,1,NST,,,10.1155/2015/395973,,https://www.scopus.com/inward/record.url?eid=2-s2.0-84942274902&partnerID=40&md5=42ee5661c6beed00212a8c10331277e7,,Article,Final,Open Access,Scopus,2-s2.0-84942274902,
3354,"Rabl, A., van der Zwaan, B.",7004462093; 35876735300,Cost-benefit analysis of climate change dynamics: Uncertainties and the value of information,2009,Ivan,Not relevant,"About the value of research, no estimates of taxes or SCC",Climatic Change,96,3,,313,333,NA,8,1,CT,,,10.1007/s10584-009-9629-8,,https://www.scopus.com/inward/record.url?eid=2-s2.0-71349085237&partnerID=40&md5=b8cbcd329cc72508e7c8621e892f1904,,Article,Final,,Scopus,2-s2.0-71349085237,
2572,"Kunnas, J., McLaughlin, E., Hanley, N., Greasley, D., Oxley, L., Warde, P.",6506421239; 55625869500; 7005750378; 6603814976; 7003336774; 35919062000,"Counting carbon: historic emissions from fossil fuels, long-run measures of sustainable development and carbon debt",2014,Gernot,,,Scandinavian Economic History Review,62,3,,243,265,NA,7,1,NST,,,10.1080/03585522.2014.896284,,https://www.scopus.com/inward/record.url?eid=2-s2.0-84912027492&partnerID=40&md5=330973a55f6c52a3b7008b26efce4582,,Article,Final,,Scopus,2-s2.0-84912027492,
1000,"Ricke, K., Drouet, L., Caldeira, K., Tavoni, M.",26325911300; 55618509700; 7004807312; 21744127000,Country-level social cost of carbon,2018,Fran,Added,,Nature Climate Change,8,10,,895,900,NA,98,1,AZ,,,10.1038/s41558-018-0282-y,,https://www.scopus.com/inward/record.url?eid=2-s2.0-85053825074&partnerID=40&md5=82ea846ca9f8c166e8607919e1632ef7,,Article,Final,,Scopus,2-s2.0-85053825074,
1641,"van der Ploeg, F., Rezai, A.",6701915911; 36859652300,"Cumulative emissions, unburnable fossil fuel, and the optimal carbon tax",2017,Moritz,,,Technological Forecasting and Social Change,116,,,216,222,NA,11,1,NST,,,10.1016/j.techfore.2016.10.016,,https://www.scopus.com/inward/record.url?eid=2-s2.0-85027946038&partnerID=40&md5=b8a9ad01bff795e604e7761153d73412,,Article,Final,Open Access,Scopus,2-s2.0-85027946038,
3423,"Guillerminet, M.-L., Tol, R.S.J.",14054002300; 55765581600,Decision making under catastrophic risk and learning: The case of the possible collapse of the West Antarctic Ice Sheet,2008,Gernot,,,Climatic Change,91,2-Jan,,193,209,NA,10,1,CT,,,10.1007/s10584-008-9447-4,,https://www.scopus.com/inward/record.url?eid=2-s2.0-54949157265&partnerID=40&md5=4429900a8aa00ca4c739a0caed08d5cf,,Article,Final,Open Access,Scopus,2-s2.0-54949157265,
495,"Daniel, K.D., Litterman, R.B., Wagner, G.",57217715943; 6508045097; 16644151000,Declining CO<inf>2</inf> price paths,2019,Gernot,,,Proceedings of the National Academy of Sciences of the United States of America,116,42,,20886,20891,NA,5,1,IR,,,10.1073/pnas.1817444116,"Paper is about CO2 price paths, abstract is a little vague so I could see coding this as NA as well",https://www.scopus.com/inward/record.url?eid=2-s2.0-85073308393&partnerID=40&md5=1d378f0bfc6607eeedc0b607f10358d1,,Article,Final,Open Access,Scopus,2-s2.0-85073308393,
2220,"Freeman, M.C., Groom, B., Panopoulou, E., Pantelidis, T.",8349635100; 9740614000; 57203158013; 16304816500,"Declining discount rates and the Fisher Effect: Inflated past, discounted future?",2015,Simon,Added,,Journal of Environmental Economics and Management,73,,,32,49,NA,14,1,NST,,,10.1016/j.jeem.2015.06.003,,https://www.scopus.com/inward/record.url?eid=2-s2.0-84941635184&partnerID=40&md5=603530c924bea83572368120237e3ff9,,Article,Final,,Scopus,2-s2.0-84941635184,
523,"Takakura, J., Fujimori, S., Hanasaki, N., Hasegawa, T., Hirabayashi, Y., Honda, Y., Iizumi, T., Kumano, N., Park, C., Shen, Z., Takahashi, K., Tamura, M., Tanoue, M., Tsuchida, K., Yokoki, H., Zhou, Q., Oki, T., Hijioka, Y.",57194621804; 36971176800; 7004928517; 26655621500; 36463595600; 56336538800; 57207840348; 57205349758; 55935899600; 57203384484; 55741327300; 36505160000; 56448508200; 57211276661; 6507134784; 56600991100; 7202205546; 23993507900,Dependence of economic impacts of climate change on anthropogenically directed pathways,2019,James,Not relevant,No SCC reported,Nature Climate Change,9,10,,737,741,NA,3,1,YL,,,10.1038/s41558-019-0578-6,,https://www.scopus.com/inward/record.url?eid=2-s2.0-85073246866&partnerID=40&md5=ccd9bdefd551ab52db559fc295d928d5,,Article,Final,,Scopus,2-s2.0-85073246866,
341,"Okullo, S.J.",4.40E+10,Determining the Social Cost of Carbon: Under Damage and Climate Sensitivity Uncertainty,2020,Fran,Added,,Environmental and Resource Economics,75,1,,79,103,NA,NA,1,NST,,,10.1007/s10640-019-00389-w,,https://www.scopus.com/inward/record.url?eid=2-s2.0-85076129262&partnerID=40&md5=81786bd96573c405c473be19bdc9126d,,Article,Final,,Scopus,2-s2.0-85076129262,
3151,"Ortiz, R.A., Golub, A., Lugovoy, O., Markandya, A., Wang, J.",33167737800; 7006729790; 6506004393; 56349420200; 8734784200,DICER: A tool for analyzing climate policies,2011,Delavane,,,Energy Economics,33,SUPPL. 1,,S41,S49,NA,7,NA,CT,1,NST,10.1016/j.eneco.2011.07.025,,https://www.scopus.com/inward/record.url?eid=2-s2.0-80054903871&partnerID=40&md5=52be9e11fb8fcafa9c350f7d6e20adff,,Article,Final,,Scopus,2-s2.0-80054903871,
3437,"Hope, C.",7.01E+09,"Discount rates, equity weights and the social cost of carbon",2008,James,,,Energy Economics,30,3,,1011,1019,NA,45,1,CT,,,10.1016/j.eneco.2006.11.006,,https://www.scopus.com/inward/record.url?eid=2-s2.0-39749175643&partnerID=40&md5=b7ef672022e3ee7eadab608a8246d2f8,,Article,Final,,Scopus,2-s2.0-39749175643,
3528,"Guo, J., Hepburn, C.J., Tol, R.S.J., Anthoff, D.",8433495900; 9741754000; 55765581600; 13002913500,Discounting and the social cost of carbon: A closer look at uncertainty,2006,Simon,Added,,Environmental Science and Policy,9,3,,205,216,NA,66,1,CT,,,10.1016/j.envsci.2005.11.010,,https://www.scopus.com/inward/record.url?eid=2-s2.0-33645885907&partnerID=40&md5=3c56a88f845116f29bed597d240e06db,,Article,Final,,Scopus,2-s2.0-33645885907,
3714,"Anthoff, David;Tol, Richard S J;Yohe, Gary W",NA,Discounting for Climate Change,2009,Moritz,,,"Economics: The Open-Access, Open-Assessment E-Journal",3,,NA,,NA,NA,NA,NA,CT,1,NST,,,https://search.proquest.com/docview/56947519?accountid=14505,,Scholarly Journals,NA,NA,EconLit,NA,NA
1078,"van den Bijgaart, I.M., Smulders, S.",57164889400; 6603672067,Does a Recession Call for Less Stringent Environmental Policy? A Partial-Equilibrium Second-Best Analysis,2018,Gernot,,,Environmental and Resource Economics,70,4,,807,834,NA,2,1,AZ,,,10.1007/s10640-017-0157-0,,https://www.scopus.com/inward/record.url?eid=2-s2.0-85026908328&partnerID=40&md5=a1b5adc0f52bbf9c622e46a2c241fd23,,Article,Final,,Scopus,2-s2.0-85026908328,
3726,"Caro, Felipe;Corbett, Charles J;Tan, Tarkan;Zuidwijk, Rob",NA,Double Counting in Supply Chain Carbon Footprinting,2013,Delavane,,,Manufacturing and Service Operations Management,15,4,NA,545,NA,NA,NA,1,CT,,,,,https://search.proquest.com/docview/1531429019?accountid=14505,,Scholarly Journals,NA,NA,EconLit,NA,NA
1946,"Allen, M.R.",7.40E+09,Drivers of peak warming in a consumption-maximizing world,2016,James,,,Nature Climate Change,6,7,,684,686,NA,18,1,NST,,,10.1038/nclimate2977,,https://www.scopus.com/inward/record.url?eid=2-s2.0-84975830628&partnerID=40&md5=5466ea3c37f40a06ebfd1800c75b6e26,,Article,Final,,Scopus,2-s2.0-84975830628,
2065,"Yu, J.",5.72E+10,Dynamics of optimal carbon prices with inter-temporal regulation,2016,Ivan,Not relevant,"It's about banking and borrowing, and its basically impossible to read the prices off the figures since they're 3 dimensional",International Journal of Climate Change Strategies and Management,8,1,,2,18,NA,NA,1,NST,,,10.1108/IJCCSM-03-2014-0040,,https://www.scopus.com/inward/record.url?eid=2-s2.0-84953373667&partnerID=40&md5=767109f452d37641d4d856e532721638,,Article,Final,,Scopus,2-s2.0-84953373667,
633,"Nordhaus, W.",7.00E+09,Economics of the disintegration of the Greenland ice sheet,2019,Moritz,,,Proceedings of the National Academy of Sciences of the United States of America,116,25,,12261,12269,NA,2,NA,HFW,1,NST,10.1073/pnas.1814990116,,https://www.scopus.com/inward/record.url?eid=2-s2.0-85067600704&partnerID=40&md5=bf11ed40e4358f3fb4bcb0e2e94fe650,,Article,Final,Open Access,Scopus,2-s2.0-85067600704,
2006,"Lemoine, D., Traeger, C.P.",13806244300; 37125128200,Economics of tipping the climate dominoes,2016,Ivan,Added,,Nature Climate Change,6,5,,514,519,NA,39,1,NST,,,10.1038/nclimate2902,,https://www.scopus.com/inward/record.url?eid=2-s2.0-84964941377&partnerID=40&md5=5997172f3975c21e6702fc45fd8629f7,,Article,Final,,Scopus,2-s2.0-84964941377,
2190,"Wang, M., Liu, K., Choi, T.-M., Yue, X.",55631030400; 57189379878; 7202769936; 15838243100,Effects of Carbon Emission Taxes on Transportation Mode Selections and Social Welfare,2015,Delavane,,,"IEEE Transactions on Systems, Man, and Cybernetics: Systems",45,11,7109929,1413,1423,NA,27,1,NST,,,10.1109/TSMC.2015.2411577,,https://www.scopus.com/inward/record.url?eid=2-s2.0-84970003087&partnerID=40&md5=64942aec6d909563a4850f1bebff985d,,Article,Final,,Scopus,2-s2.0-84970003087,
1599,"Dayaratna, K., McKitrick, R., Kreutzer, D.",13405218400; 6603036806; 57194716852,Empirically constrained climate sensitivity and the social cost of carbon,2017,Fran,Added,,Climate Change Economics,8,2,1750006,,,NA,5,1,NST,,,10.1142/S2010007817500063,,https://www.scopus.com/inward/record.url?eid=2-s2.0-85021807771&partnerID=40&md5=c891c10d3ffa3ee08dd957449e1fc940,,Article,Final,,Scopus,2-s2.0-85021807771,
3590,"Popp, D.",7.01E+09,ENTICE: Endogenous technological change in the DICE model of global warming,2004,Simon,Added,,Journal of Environmental Economics and Management,48,1,,742,768,NA,245,NA,CT,1,NST,10.1016/j.jeem.2003.09.002,,https://www.scopus.com/inward/record.url?eid=2-s2.0-3042600486&partnerID=40&md5=2f7da8af565d4ef778438cbe57a86cb9,,Article,Final,,Scopus,2-s2.0-3042600486,
2280,"Cai, Y., Judd, K.L., Lenton, T.M., Lontzek, T.S., Narita, D.",35796984200; 7005438447; 7004637798; 53980219400; 8418460700,Environmental tipping points significantly affect the cost-benefit assessment of climate policies,2015,Simon,Added,,Proceedings of the National Academy of Sciences of the United States of America,112,15,,4606,4611,NA,38,1,NST,,,10.1073/pnas.1503890112,,https://www.scopus.com/inward/record.url?eid=2-s2.0-84928138088&partnerID=40&md5=7342c11a484eeee7c92fb5e4d3b89b0c,,Article,Final,Open Access,Scopus,2-s2.0-84928138088,
2914,"Ackerman, F., Stanton, E.A., Bueno, R.",36877553300; 20434608100; 35931841700,Epstein-Zin Utility in DICE: Is Risk Aversion Irrelevant to Climate Policy?,2013,Gernot,,,Environmental and Resource Economics,56,1,,73,84,NA,22,1,CT,,,10.1007/s10640-013-9645-z,,https://www.scopus.com/inward/record.url?eid=2-s2.0-84883291728&partnerID=40&md5=4a979924b7e79eeab313fa788a525b60,,Article,Final,,Scopus,2-s2.0-84883291728,
434,"Costello, K.W.",8.61E+09,Essay on climate apocalypse and a carbon tax,2019,Moritz,,,Electricity Journal,32,10,106669,,,NA,NA,1,NST,,,10.1016/j.tej.2019.106669,,https://www.scopus.com/inward/record.url?eid=2-s2.0-85072804794&partnerID=40&md5=74695fc50a65975fce99b54771d1c96e,,Article,Final,,Scopus,2-s2.0-85072804794,
764,"Wang, P., Deng, X., Zhou, H., Yu, S.",55499901500; 7401769047; 57200389530; 57205263756,Estimates of the social cost of carbon: A review based on meta-analysis,2019,Fran,Not relevant,Meta-Analysis,Journal of Cleaner Production,209,,,1494,1507,NA,20,1,NST,,,10.1016/j.jclepro.2018.11.058,,https://www.scopus.com/inward/record.url?eid=2-s2.0-85059326398&partnerID=40&md5=fbe78e85f2734e9a42526a66b03c9bc6,,Article,Final,,Scopus,2-s2.0-85059326398,
1602,"Kessler, L.",5.72E+10,Estimating the economic impact of the permafrost carbon feedback,2017,Delavane,,,Climate Change Economics,8,2,1750008,,,NA,3,1,NST,,,10.1142/S2010007817500087,,https://www.scopus.com/inward/record.url?eid=2-s2.0-85021845865&partnerID=40&md5=463e1cc4f2daff414375b94d6245a038,,Article,Final,,Scopus,2-s2.0-85021845865,
1742,"Hannum, C., Cutler, H., Iverson, T., Keyser, D.",56732781100; 7003890922; 52563706800; 57190062925,Estimating the implied cost of carbon in future scenarios using a CGE model: The Case of Colorado,2017,James,,,Energy Policy,102,,,500,511,NA,14,1,NST,,,10.1016/j.enpol.2016.12.046,,https://www.scopus.com/inward/record.url?eid=2-s2.0-85008354783&partnerID=40&md5=b36bd8b02bb68eae5323773693696439,,Article,Final,Open Access,Scopus,2-s2.0-85008354783,
770,"Dong, Y., Hauschild, M., Sørup, H., Rousselet, R., Fantke, P.",56275935500; 57204577690; 55387165800; 57204783560; 50661383500,Evaluating the monetary values of greenhouse gases emissions in life cycle impact assessment,2019,Gernot,,,Journal of Cleaner Production,209,,,538,549,NA,8,1,NST,,,10.1016/j.jclepro.2018.10.205,,https://www.scopus.com/inward/record.url?eid=2-s2.0-85057181205&partnerID=40&md5=9874831c73ca02a523a581692c58ea8b,,Article,Final,,Scopus,2-s2.0-85057181205,
3639,"Fiddaman, T.S.",1.64E+10,Exploring policy options with a behavioral climate-economy model,2002,Fran,Not relevant,Paper adds additional market failures and behavioral aspects to energy capital investments. No changes to climate damages or climate system - optimal carbon tax reported can't be interpreted as SCC,System Dynamics Review,18,2,,243,267,NA,100,NA,CT,1,NST,10.1002/sdr.241,,https://www.scopus.com/inward/record.url?eid=2-s2.0-0036322125&partnerID=40&md5=b833aeea5eac632e673d4110073d2e3d,,Article,Final,,Scopus,2-s2.0-0036322125,
481,"Estrada, F., Tol, R.S.J., Botzen, W.J.W.",55410291500; 55765581600; 24072972400,Extending integrated assessment models? damage functions to include adaptation and dynamic sensitivity,2019,Ivan,Not relevant,About damage function but does not report SCCs nor taxes,Environmental Modelling and Software,121,,104504,,,NA,1,1,YL,,,10.1016/j.envsoft.2019.104504,,https://www.scopus.com/inward/record.url?eid=2-s2.0-85071723994&partnerID=40&md5=6072c062d02957afad16e98861ad7d98,,Article,Final,,Scopus,2-s2.0-85071723994,
1925,"Rabl, A., Spadaro, J.V.",7004462093; 7006723253,External Costs of Energy: How Much Is Clean Energy Worth?,2016,Delavane,,,"Journal of Solar Energy Engineering, Transactions of the ASME",138,4,40801,,,NA,11,1,NST,,,10.1115/1.4033596,,https://www.scopus.com/inward/record.url?eid=2-s2.0-84971659682&partnerID=40&md5=35c4abb44c5bec53bda99c68f6cb78a0,,Article,Final,,Scopus,2-s2.0-84971659682,
2515,"Newbold, S.C., Griffiths, C., Moore, C., Wolverton, A.N.N., Kopits, E.",10139389700; 7201983102; 57213137647; 23490875100; 13004682400,"Further comment on ""a rapid assessment model for understanding the social cost of carbon""",2014,Simon,Not relevant,,Climate Change Economics,5,2,1450005,,,NA,1,1,NST,,,10.1142/S2010007814500055,,https://www.scopus.com/inward/record.url?eid=2-s2.0-85073413272&partnerID=40&md5=e2a5efab64301daed0b71010e0714a8a,,Article,Final,,Scopus,2-s2.0-85073413272,
2549,"Van Der Ploeg, F., Withagen, C.",6701915911; 7003930644,"Growth, renewables, and the optimal carbon tax",2014,James,,,International Economic Review,55,1,,283,311,NA,51,1,NST,,,10.1111/iere.12049,,https://www.scopus.com/inward/record.url?eid=2-s2.0-84892899483&partnerID=40&md5=b7c15aebfe368b942958439a5dbd60bc,,Article,Final,,Scopus,2-s2.0-84892899483,
1902,"Freeman, M.C., Groom, B.",8349635100; 9740614000,How certain are we about the certainty-equivalent long term social discount rate?,2016,Fran,Added,,Journal of Environmental Economics and Management,79,,,152,168,NA,7,1,NST,,,10.1016/j.jeem.2016.06.004,,https://www.scopus.com/inward/record.url?eid=2-s2.0-84989871312&partnerID=40&md5=8008f64b3949ab8924b27862cb34a913,,Article,Final,,Scopus,2-s2.0-84989871312,
3379,"Hope, C.",7.01E+09,How deep should the deep cuts be? Optimal CO<inf>2</inf> emissions over time under uncertainty,2009,Ivan,Added,,Climate Policy,9,1,,3,8,NA,17,1,CT,,,10.3763/cpol.2008.0544,,https://www.scopus.com/inward/record.url?eid=2-s2.0-60849123923&partnerID=40&md5=f9a71223db63e9098487e591f32a6fbd,,Article,Final,,Scopus,2-s2.0-60849123923,
1322,"Su, X., Shiogama, H., Tanaka, K., Fujimori, S., Hasegawa, T., Hijioka, Y., Takahashi, K., Liu, J.",54417995600; 10241250100; 55636322183; 36971176800; 26655621500; 23993507900; 55741327300; 57191252750,How do climate-related uncertainties influence 2 and 1.5 °c pathways?,2018,Moritz,,,Sustainability Science,13,2,,291,299,NA,5,1,NST,,,10.1007/s11625-017-0525-2,,https://www.scopus.com/inward/record.url?eid=2-s2.0-85047598385&partnerID=40&md5=e2c6ae605dee20ce3c4a60f1e683899b,,Article,Final,Open Access,Scopus,2-s2.0-85047598385,
2195,"Parry, I.A.N., Veung, C., Heine, D.",7005819304; 57128531200; 55574702600,HOW MUCH CARBON PRICING IS in COUNTRIES' OWN INTERESTS? the CRITICAL ROLE of CO-BENEFITS,2015,Gernot,,,Climate Change Economics,6,4,1550019,,,NA,23,1,NST,,,10.1142/S2010007815500190,,https://www.scopus.com/inward/record.url?eid=2-s2.0-85044320742&partnerID=40&md5=8a9de06a21a30f79f6210f1648303286,,Article,Final,,Scopus,2-s2.0-85044320742,
3004,"Wouter Botzen, W.J., van den Bergh, J.C.J.M.",40762604600; 7006196632,How sensitive is Nordhaus to Weitzman? Climate policy in DICE with an alternative damage function,2012,James,,,Economics Letters,117,1,,372,374,NA,21,1,CT,,,10.1016/j.econlet.2012.05.032,,https://www.scopus.com/inward/record.url?eid=2-s2.0-84862651043&partnerID=40&md5=6735c943ea562956f137e1a7a716af1c,,Article,Final,,Scopus,2-s2.0-84862651043,
1540,"Hafeez, S., Weller, S.R., M. Kellett, C.",57188641195; 7202503383; 57196098247,Impact of Climate Model Parametric Uncertainty in an MPC Implementation of the DICE Integrated Assessment Model,2017,Simon,Added,,IFAC-PapersOnLine,50,1,,959,965,NA,2,1,NST,,,10.1016/j.ifacol.2017.08.169,,https://www.scopus.com/inward/record.url?eid=2-s2.0-85031805790&partnerID=40&md5=d8f561cc4eddc87d935b72c1f80a79ed,,Article,Final,Open Access,Scopus,2-s2.0-85031805790,
2284,"Hatase, K., Managi, S.",56576345600; 13609873900,Increase in carbon prices: analysis of energy-economy modeling,2015,Delavane,,,Environmental Economics and Policy Studies,17,2,,241,262,NA,2,1,NST,,,10.1007/s10018-014-0101-2,,https://www.scopus.com/inward/record.url?eid=2-s2.0-84925946340&partnerID=40&md5=950659587166a9a1ce573ba7381bbec1,,Article,Final,,Scopus,2-s2.0-84925946340,
2159,"Dennig, F., Budolfson, M.B., Fleurbaey, M., Siebert, A., Socolow, R.H.",57031858900; 57031877600; 6602530940; 56909741300; 6603772388,"Inequality, climate impacts on the future poor, and carbon prices",2015,Moritz,,,Proceedings of the National Academy of Sciences of the United States of America,112,52,,15827,15832,NA,57,1,NST,,,10.1073/pnas.1513967112,,https://www.scopus.com/inward/record.url?eid=2-s2.0-84952683314&partnerID=40&md5=80d888616407f4a97049bee8c2482428,,Article,Final,Open Access,Scopus,2-s2.0-84952683314,
1691,"Metcalf, G.E., Stock, J.H.",7004606890; 7202122235,Integrated assessment models and the social cost of carbon: A review and assessment of U.S. experience,2017,Gernot,,,Review of Environmental Economics and Policy,11,1,rew017,80,99,NA,14,1,NST,,,10.1093/reep/rew014,,https://www.scopus.com/inward/record.url?eid=2-s2.0-85017247784&partnerID=40&md5=431817751fc0350fadf84105c5f5f112,,Article,Final,,Scopus,2-s2.0-85017247784,
3658,"Mastrandrea, M.D., Schneider, S.H.",6602804620; 7401904068,Integrated assessment of abrupt climatic changes,2001,Ivan,Added,,Climate Policy,1,4,,433,449,NA,1,NA,CT,1,NST,10.3763/cpol.2001.0146,,https://www.scopus.com/inward/record.url?eid=2-s2.0-85025376785&partnerID=40&md5=bba58acffa6058f02ba165bcbfaa5d0a,,Article,Final,,Scopus,2-s2.0-85025376785,
3694,"Weyant, J",NA,Integrated assessment of climate change: state of the literature,2014,Delavane,,,JOURNAL OF BENEFIT-COST ANALYSIS,5,3,,377,409,NA,18,NA,CT,1,HFW,10.1515/jbca-2014-9002,,NA,,J,NA,Bronze,WebofScience,NA,NA
1974,"Rezai, A., Van der Ploeg, F.",36859652300; 6701915911,"Intergenerational inequality aversion, growth, and the role of damages: Occam’s rule for the global carbon tax",2016,Fran,Added,,Journal of the Association of Environmental and Resource Economists,3,2,,493,522,NA,19,1,NST,,,10.1086/686294,,https://www.scopus.com/inward/record.url?eid=2-s2.0-85014393540&partnerID=40&md5=ab5e7082a7307d5de5332905a2c95d4e,,Article,Final,,Scopus,2-s2.0-85014393540,
3275,"Tol, R.S.J.",5.58E+10,International Inequity Aversion and the Social Cost of Carbon,2010,Simon,Added,,Climate Change Economics,1,1,,21,32,NA,11,NA,CT,1,NST,10.1142/S2010007810000029,,https://www.scopus.com/inward/record.url?eid=2-s2.0-84881937214&partnerID=40&md5=35b722df03cb968b833ac3882f620d9c,,Article,Final,,Scopus,2-s2.0-84881937214,
1186,"Hänsel, M.C., Quaas, M.F.",57217775596; 22958134600,"Intertemporal Distribution, Sufficiency, and the Social Cost of Carbon",2018,Moritz,,,Ecological Economics,146,,,520,535,NA,3,1,AZ,,,10.1016/j.ecolecon.2017.11.024,,https://www.scopus.com/inward/record.url?eid=2-s2.0-85037664897&partnerID=40&md5=045e58d3dfa655bc84b2e1f814351fd1,,Article,Final,Open Access,Scopus,2-s2.0-85037664897,
1150,"Burke, M., Davis, W.M., Diffenbaugh, N.S.",9744099300; 57190861623; 13805883800,Large potential reduction in economic damages under UN mitigation targets,2018,James,,,Nature,557,7706,,549,553,NA,59,1,AZ,,,10.1038/s41586-018-0071-9,,https://www.scopus.com/inward/record.url?eid=2-s2.0-85047509834&partnerID=40&md5=b75fd77a3c389967bc3b94be03bc43f3,,Article,Final,,Scopus,2-s2.0-85047509834,
3434,"Kolstad, C., Ulph, A.",6603725191; 6603806706,Learning and international environmental agreements,2008,Ivan,Not relevant,Pure theory on formation of IEAs,Climatic Change,89,2-Jan,,125,141,NA,35,1,CT,,,10.1007/s10584-008-9399-8,,https://www.scopus.com/inward/record.url?eid=2-s2.0-46649110761&partnerID=40&md5=1e1d1b6264bd82feb1cfd636b971e104,,Article,Final,,Scopus,2-s2.0-46649110761,
368,"Kotlikoff, L., Kubler, F., Polbin, A., Sachs, J., Scheidegger, S.",6603857401; 6701803164; 57193317076; 7101926169; 36057190000,MAKING CARBON TAXATION A GENERATIONAL WIN WIN,2020,Gernot,,,International Economic Review,,,,,,NA,NA,1,NST,,,10.1111/iere.12483,,https://www.scopus.com/inward/record.url?eid=2-s2.0-85091018268&partnerID=40&md5=ef53e59683af7297747c5ab1afd89058,,Article,Article in Press,,Scopus,2-s2.0-85091018268,
3367,"Kuik, O., Brander, L., Tol, R.S.J.",6506827992; 12766801200; 55765581600,Marginal abatement costs of greenhouse gas emissions: A meta-analysis,2009,Delavane,,,Energy Policy,37,4,,1395,1403,NA,87,1,CT,,,10.1016/j.enpol.2008.11.040,,https://www.scopus.com/inward/record.url?eid=2-s2.0-63149153313&partnerID=40&md5=5294f424ea43097c6c4ec480159fcae1,,Article,Final,,Scopus,2-s2.0-63149153313,
2282,"Molinos-Senante, M., Hanley, N., Sala-Garrido, R.",35765339200; 7005750378; 57127751300,Measuring the CO<inf>2</inf> shadow price for wastewater treatment: A directional distance function approach,2015,Simon,Not relevant,,Applied Energy,144,,,241,249,NA,53,1,NST,,,10.1016/j.apenergy.2015.02.034,,https://www.scopus.com/inward/record.url?eid=2-s2.0-84923573004&partnerID=40&md5=f8619d622c26e95fab2a9b11781d8979,,Article,Final,,Scopus,2-s2.0-84923573004,
949,"Babonneau, F., Bernard, A., Haurie, A., Vielle, M.",26530737900; 55729503600; 7005678958; 8669525600,Meta-Modeling to Assess the Possible Future of Paris Agreement,2018,James,,,Environmental Modeling and Assessment,23,6,,611,626,NA,1,1,NST,,,10.1007/s10666-018-9630-6,,https://www.scopus.com/inward/record.url?eid=2-s2.0-85051519611&partnerID=40&md5=093866827b0580d1a6b8c1e25e8d819b,,Article,Final,,Scopus,2-s2.0-85051519611,
2014,"Wesseh, P.K., Lin, B.",55337880800; 35098935000,Modeling environmental policy with and without abatement substitution: A tradeoff between economics and environment?,2016,Gernot,,,Applied Energy,167,,,34,43,NA,23,1,NST,,,10.1016/j.apenergy.2016.01.031,,https://www.scopus.com/inward/record.url?eid=2-s2.0-84955620903&partnerID=40&md5=23d7bd2575b05d9ca831b5ea9922135f,,Article,Final,,Scopus,2-s2.0-84955620903,
334,"Hu, C., Huang, J., Xue, Y., Li, T., Song, X., Lai, Y.",57214935239; 56375309300; 57212610622; 55615991500; 57215060317; 55230875300,Monetary Value Evaluation for Carbon Emission Reduction Benefit of Energy Transition | ?????????????????,2020,Moritz,,,Dianli Xitong Zidonghua/Automation of Electric Power Systems,44,1,,29,34,NA,1,1,NST,,,10.7500/AEPS20190506002,,https://www.scopus.com/inward/record.url?eid=2-s2.0-85079560683&partnerID=40&md5=1ec9f85de57701ec4bc94ba6126f4b39,,Article,Final,,Scopus,2-s2.0-85079560683,
2202,"Gerlagh, R., Michielsen, T.O.",6602746685; 55253910600,Moving targets—cost-effective climate policy under scientific uncertainty,2015,Ivan,Added,,Climatic Change,132,4,,519,529,NA,4,1,NST,,,10.1007/s10584-015-1447-6,,https://www.scopus.com/inward/record.url?eid=2-s2.0-84942502289&partnerID=40&md5=b1ec3c4cfad1978da429fec9fa36ebf7,,Article,Final,,Scopus,2-s2.0-84942502289,
1285,"Faulwasser, T., Kellett, C.M., Weller, S.R.",24470752600; 6603739953; 7202503383,MPC-DICE: An open-source Matlab implementation of receding horizon solutions to DICE <sup>?</sup>,2018,James,,,IFAC-PapersOnLine,51,5,,120,125,NA,NA,1,NST,,,10.1016/j.ifacol.2018.06.221,,https://www.scopus.com/inward/record.url?eid=2-s2.0-85048744926&partnerID=40&md5=0faa5aba03e35059dd1303dc052b19aa,,Article,Final,Open Access,Scopus,2-s2.0-85048744926,
1298,"Fullerton, D., Karney, D.H.",7102594487; 36715108700,"Multiple pollutants, co-benefits, and suboptimal environmental policies",2018,Fran,Not relevant,Interactions of multiple pollutants and co-benefits. Uses but doesn't calculate a SCC,Journal of Environmental Economics and Management,87,,,52,71,NA,14,1,NST,,,10.1016/j.jeem.2017.08.003,,https://www.scopus.com/inward/record.url?eid=2-s2.0-85037355932&partnerID=40&md5=e317dad514ac91b4cec3c4588295e93f,,Article,Final,,Scopus,2-s2.0-85037355932,
479,"Lötjönen, S., Ollikainen, M.",57038724900; 7003552103,Multiple-pollutant cost-efficiency: Coherent water and climate policy for agriculture,2019,Gernot,,,Ambio,48,11,,1304,1313,NA,3,1,NST,,,10.1007/s13280-019-01257-z,,https://www.scopus.com/inward/record.url?eid=2-s2.0-85072168367&partnerID=40&md5=c5b192b510a2f55b67708486dfef254c,,Article,Final,Open Access,Scopus,2-s2.0-85072168367,
2240,"Hackett, S.B., Moxnes, E.",56681874200; 6603527264,Natural capital in integrated assessment models of climate change,2015,Fran,Not relevant,"Model gives optimal temperature trajectories and consumption paths after accounting for additional (non climate) ecological externalities of production, but doesn't report an SCC",Ecological Economics,116,,,354,361,NA,6,1,NST,,,10.1016/j.ecolecon.2015.05.009,,https://www.scopus.com/inward/record.url?eid=2-s2.0-84930937447&partnerID=40&md5=34311ba528e0aef3e42b0c8fa429668f,,Article,Final,,Scopus,2-s2.0-84930937447,
1394,"Moore, F.C., Baldos, U., Hertel, T., Diaz, D.",55066845400; 55651624300; 7006465820; 56519315300,New science of climate change impacts on agriculture implies higher social cost of carbon,2017,Fran,Added,,Nature Communications,8,1,1607,,,NA,27,1,NST,,,10.1038/s41467-017-01792-x,,https://www.scopus.com/inward/record.url?eid=2-s2.0-85034632901&partnerID=40&md5=63c2eb6e131f76eb27d1c2380cefdcef,,Article,Final,Open Access,Scopus,2-s2.0-85034632901,
1466,"Weitzman, M.L.",7.01E+09,On a World Climate Assembly and the Social Cost of Carbon,2017,Simon,Not relevant,,Economica,84,336,,559,586,NA,4,1,NST,,,10.1111/ecca.12248,,https://www.scopus.com/inward/record.url?eid=2-s2.0-85026410957&partnerID=40&md5=1be36bdb09ba0c3acb8014ca394d7e14,,Article,Final,,Scopus,2-s2.0-85026410957,
3265,"Anthoff, D., Tol, R.S.J.",13002913500; 55765581600,On international equity weights and national decision making on climate change,2010,Moritz,,,Journal of Environmental Economics and Management,60,1,,14,20,NA,50,NA,CT,1,NST,10.1016/j.jeem.2010.04.002,,https://www.scopus.com/inward/record.url?eid=2-s2.0-77954863144&partnerID=40&md5=4bc1edbd1c46b4bdacd13c5154e4679f,,Article,Final,,Scopus,2-s2.0-77954863144,
1569,"Calel, R., Stainforth, D.A.",55251707100; 6602235428,On the physics of three integrated assessment models,2017,James,,,Bulletin of the American Meteorological Society,98,6,,1199,1216,NA,9,1,NST,,,10.1175/BAMS-D-16-0034.1,,https://www.scopus.com/inward/record.url?eid=2-s2.0-85021362461&partnerID=40&md5=ec83eb24a382c494915075ad06303120,,Article,Final,Open Access,Scopus,2-s2.0-85021362461,
3090,"Tol, R.S.J.",5.58E+10,On the Uncertainty About the Total Economic Impact of Climate Change,2012,Delavane,,,Environmental and Resource Economics,53,1,,97,116,NA,40,1,CT,,,10.1007/s10640-012-9549-3,,https://www.scopus.com/inward/record.url?eid=2-s2.0-84865440255&partnerID=40&md5=1c96cc60b2be076ba3ab2f45e2fda5d4,,Article,Final,Open Access,Scopus,2-s2.0-84865440255,
1952,"Grigoroudis, E., Kanellos, F.D., Kouikoglou, V.S., Phillis, Y.A.",6506717307; 6506656620; 35580724200; 7004086791,Optimal abatement policies and related behavioral aspects of climate change,2016,Gernot,,,Environmental Development,19,,,10,22,NA,4,1,NST,,,10.1016/j.envdev.2016.04.002,,https://www.scopus.com/inward/record.url?eid=2-s2.0-84991396195&partnerID=40&md5=8d06b9e81e5656078911907386392427,,Article,Final,,Scopus,2-s2.0-84991396195,
2578,"Jensen, S., Traeger, C.P.",57197359534; 37125128200,Optimal climate change mitigation under long-term growth uncertainty: Stochastic integrated assessment and analytic findings,2014,Fran,Added,,European Economic Review,69,,,104,125,NA,37,1,NST,,,10.1016/j.euroecorev.2014.01.008,,https://www.scopus.com/inward/record.url?eid=2-s2.0-84901982257&partnerID=40&md5=a5e01e04cb612e69091ba38618a6f7d6,,Article,Final,,Scopus,2-s2.0-84901982257,
811,"Hillebrand, E., Hillebrand, M.",57204636488; 12778708600,Optimal climate policies in a dynamic multi-country equilibrium model,2019,Ivan,Added,,Journal of Economic Theory,179,,,200,239,NA,NA,1,NST,,,10.1016/j.jet.2018.11.001,,https://www.scopus.com/inward/record.url?eid=2-s2.0-85056451981&partnerID=40&md5=bc6d98cf96cb5215640aaefd7ed6fe91,,Article,Final,,Scopus,2-s2.0-85056451981,
763,"Budolfson, M., Dennig, F., Fleurbaey, M., Scovronick, N., Siebert, A., Spears, D., Wagner, F.",57031877600; 57031858900; 6602530940; 35957494400; 56909741300; 42262977500; 56001885100,Optimal Climate Policy and the Future of World Economic Development,2019,Fran,Added,,World Bank Economic Review,33,1,,21,40,NA,4,1,NST,,,10.1093/wber/lhx016,,https://www.scopus.com/inward/record.url?eid=2-s2.0-85064128108&partnerID=40&md5=bc4ac7e287390f33ac526cca066456f1,,Article,Final,,Scopus,2-s2.0-85064128108,
3679,"Goulder, L.H., Mathai, K.",6603857528; 7004481002,Optimal CO<inf>2</inf> abatement in the presence of induced technological change,2000,Simon,Added,,Journal of Environmental Economics and Management,39,1,,1,38,NA,294,1,CT,1,HFW,10.1006/jeem.1999.1089,,https://www.scopus.com/inward/record.url?eid=2-s2.0-0033979579&partnerID=40&md5=dfab72fd7140b2c5626181d8a9a67b59,,Article,Final,,Scopus,2-s2.0-0033979579,
2574,"Crost, B., Traeger, C.P.",15828898800; 37125128200,Optimal CO<inf>2</inf> mitigation under damage risk valuation,2014,Gernot,,,Nature Climate Change,4,7,,631,636,NA,34,1,NST,,,10.1038/nclimate2249,,https://www.scopus.com/inward/record.url?eid=2-s2.0-84903455569&partnerID=40&md5=6251132cb1a0917fd4dcf694d82b5588,,Article,Final,,Scopus,2-s2.0-84903455569,
697,"Barrage, L.",3.52E+10,Optimal Dynamic Carbon Taxes in a Climate-Economy Model with Distortionary Fiscal Policy,2019,James,,,American Historical Review,124,2,,1,39,NA,NA,1,YL,,,10.1093/restud/rdz055,,https://www.scopus.com/inward/record.url?eid=2-s2.0-85084311246&partnerID=40&md5=21ca2d2eafa18c098b0c3f718da80674,,Article,Final,,Scopus,2-s2.0-85084311246,
40,"Chan, Y.T.",5.72E+10,Optimal emissions tax rates under habit formation and social comparisons,2020,Moritz,,,Energy Policy,146,,111809,,,NA,NA,1,LE,,,10.1016/j.enpol.2020.111809,,https://www.scopus.com/inward/record.url?eid=2-s2.0-85089660734&partnerID=40&md5=68ee0c9aefc62c6ac45b53a81befa91e,,Article,Final,,Scopus,2-s2.0-85089660734,
1408,"Kanellos, F.D., Grigoroudis, E., Hope, C., Kouikoglou, V.S., Phillis, Y.A.",6506656620; 6506717307; 7005311126; 35580724200; 7004086791,Optimal GHG Emission Abatement and Aggregate Economic Damages of Global Warming,2017,Ivan,Not relevant,Does not report SCCs nor carbon taxes,IEEE Systems Journal,11,4,6998833,2784,2793,NA,6,1,NST,,,10.1109/JSYST.2014.2376493,,https://www.scopus.com/inward/record.url?eid=2-s2.0-85041434407&partnerID=40&md5=f81c87f5f11398500f114f0105b04954,,Article,Final,,Scopus,2-s2.0-85041434407,
1270,"Zhang, X.-B., Xu, J.",56149751200; 57075206400,Optimal policies for climate change: A joint consideration of CO<inf>2</inf> and methane,2018,Gernot,,,Applied Energy,211,,,1021,1029,NA,8,1,NST,,,10.1016/j.apenergy.2017.10.067,,https://www.scopus.com/inward/record.url?eid=2-s2.0-85036575989&partnerID=40&md5=608f353248d787e187a931d44b0673d1,,Article,Final,,Scopus,2-s2.0-85036575989,
2649,"Golosov, M., Hassler, J., Krusell, P., Tsyvinski, A.",36174848800; 7004726994; 57203285766; 6504293496,Optimal Taxes on Fossil Fuel in General Equilibrium,2014,Simon,Added,,Econometrica,82,1,,41,88,NA,203,NA,CT,1,NST,10.3982/ECTA10217,,https://www.scopus.com/inward/record.url?eid=2-s2.0-84893449006&partnerID=40&md5=55cc97433fdc464b53a94c462e5a2bd5,,Article,Final,,Scopus,2-s2.0-84893449006,
3427,"Doyen, L., Dumas, P., Ambrosi, P.",6602527368; 8121925500; 16202160200,Optimal timing of CO<inf>2</inf> mitigation policies for a cost-effectiveness model,2008,Ivan,Not relevant,No social costs of carbon or carbon prices,Mathematical and Computer Modelling,48,6-May,,882,897,NA,5,1,CT,,,10.1016/j.mcm.2007.11.010,,https://www.scopus.com/inward/record.url?eid=2-s2.0-47949120530&partnerID=40&md5=131e3662aa060ab5ce9f53a7cb47a636,,Article,Final,Open Access,Scopus,2-s2.0-47949120530,
184,"Martelli, E., Freschini, M., Zatti, M.",35096554000; 57209257302; 57197856317,Optimization of renewable energy subsidy and carbon tax for multi energy systems using bilevel programming,2020,Delavane,,,Applied Energy,267,,115089,,,NA,NA,1,NST,,,10.1016/j.apenergy.2020.115089,,https://www.scopus.com/inward/record.url?eid=2-s2.0-85089185462&partnerID=40&md5=da273f0b542e076b14f5b6f49aa28728,,Article,Final,,Scopus,2-s2.0-85089185462,
1067,"Bretschger, L., Karydas, C.",6602609744; 57194129384,Optimum Growth and Carbon Policies with Lags in the Climate System,2018,Moritz,,,Environmental and Resource Economics,70,4,,781,806,NA,8,1,AZ,,,10.1007/s10640-017-0153-4,,https://www.scopus.com/inward/record.url?eid=2-s2.0-85018820836&partnerID=40&md5=7f010d521881dad8d34d927661d2a451,,Article,Final,,Scopus,2-s2.0-85018820836,
1253,"Barron, A.R., Fawcett, A.A., Hafstead, M.A.C., McFarland, J.R., Morris, A.C.",57206314427; 24780340100; 36468387500; 7103027395; 55330849600,POLICY INSIGHTS from the EMF 32 STUDY on U.S. CARBON TAX SCENARIOS,2018,Gernot,,,Climate Change Economics,9,1,1840003,,,NA,14,1,NST,,,10.1142/S2010007818400031,,https://www.scopus.com/inward/record.url?eid=2-s2.0-85044289114&partnerID=40&md5=605394d32142372970bb0b01c3cfa2f9,,Article,Final,Open Access,Scopus,2-s2.0-85044289114,
2605,"Jenkins, J.D.",5.60E+10,"Political economy constraints on carbon pricing policies: What are the implications for economic efficiency, environmental efficacy, and climate policy design?",2014,Fran,Not relevant,Discussion of political economy constraints to carbon pricing,Energy Policy,69,,,467,477,NA,82,1,NST,,,10.1016/j.enpol.2014.02.003,,https://www.scopus.com/inward/record.url?eid=2-s2.0-84899084642&partnerID=40&md5=b9c8f490a95f4b6f95c548e8899d4d2d,,Article,Final,,Scopus,2-s2.0-84899084642,
2379,"Freeman, M.C., Groom, B.",8349635100; 9740614000,Positively gamma discounting: Combining the opinions of experts on the social discount rate,2015,Moritz,,,Economic Journal,125,585,,1015,1024,NA,18,1,NST,,,10.1111/ecoj.12129,,https://www.scopus.com/inward/record.url?eid=2-s2.0-84931308799&partnerID=40&md5=1d3e6678d1a73cb6c224c7124b13e55a,,Article,Final,,Scopus,2-s2.0-84931308799,
787,"van der Ploeg, F., de Zeeuw, A.",6701915911; 6602858312,Pricing Carbon and Adjusting Capital to Fend Off Climate Catastrophes,2019,Simon,Added,,Environmental and Resource Economics,72,1,,29,50,NA,4,1,NST,,,10.1007/s10640-018-0231-2,,https://www.scopus.com/inward/record.url?eid=2-s2.0-85042541574&partnerID=40&md5=873fc34871904c5d47f707aaea578be5,,Article,Final,,Scopus,2-s2.0-85042541574,
253,"Barnett, M., Brock, W., Hansen, L.P.",57215666157; 57215667709; 7401576349,Pricing uncertainty induced by climate change,2020,Fran,Added,,Review of Financial Studies,33,3,,1024,1066,NA,2,1,NST,,,10.1093/rfs/hhz144,,https://www.scopus.com/inward/record.url?eid=2-s2.0-85081613189&partnerID=40&md5=8bf0e7a708c30ca63cf9d459e10339a3,,Article,Final,Open Access,Scopus,2-s2.0-85081613189,
2208,"Adler, M.D., Treich, N.",7202067933; 6602731804,Prioritarianism and Climate Change,2015,James,,,Environmental and Resource Economics,62,2,,279,308,NA,13,1,NST,,,10.1007/s10640-015-9960-7,,https://www.scopus.com/inward/record.url?eid=2-s2.0-84943365366&partnerID=40&md5=59baa37d479d9ab485e61c20c7fecc6e,,Article,Final,,Scopus,2-s2.0-84943365366,
1570,"Adler, M., Anthoff, D., Bosetti, V., Garner, G., Keller, K., Treich, N.",7202067933; 13002913500; 6507549454; 55359861900; 57194275819; 6602731804,Priority for the worse-off and the social cost of carbon,2017,Gernot,,,Nature Climate Change,7,6,,443,449,NA,20,1,NST,,,10.1038/nclimate3298,,https://www.scopus.com/inward/record.url?eid=2-s2.0-85020126183&partnerID=40&md5=dcd5aef95a2490b1297b686edd4088bb,,Article,Final,,Scopus,2-s2.0-85020126183,
1064,"Nordhaus, W.",7.00E+09,Projections and uncertainties about climate change in an era of minimal climate policies,2018,Simon,Added,,American Economic Journal: Economic Policy,10,3,,333,360,NA,35,1,AZ,,,10.1257/pol.20170046,,https://www.scopus.com/inward/record.url?eid=2-s2.0-85047369290&partnerID=40&md5=706a0021f402aa9062a8dbc019816e7d,,Article,Final,Open Access,Scopus,2-s2.0-85047369290,
294,"Chen, Y., Liu, A., Cheng, X.",57203573569; 57203568753; 7401754355,Quantifying economic impacts of climate change under nine future emission scenarios within CMIP6,2020,Fran,Not relevant,Reports total but not marginal damages,Science of the Total Environment,703,,134950,,,NA,NA,1,NST,,,10.1016/j.scitotenv.2019.134950,,https://www.scopus.com/inward/record.url?eid=2-s2.0-85075351261&partnerID=40&md5=b02e10fe2572d2d21628c469bd873a20,,Article,Final,,Scopus,2-s2.0-85075351261,
1434,"Diaz, D., Moore, F.",56519315300; 55066845400,Quantifying the economic risks of climate change,2017,Delavane,,,Nature Climate Change,7,11,,774,782,NA,42,1,NST,,,10.1038/nclimate3411,,https://www.scopus.com/inward/record.url?eid=2-s2.0-85032711113&partnerID=40&md5=689ad9c64fbe97a67f5b025187156b4d,,Article,Final,,Scopus,2-s2.0-85032711113,
798,"Paul Kelleher, J., Wagner, G.",56112531300; 16644151000,Ramsey discounting calls for subtracting climate damages from economic growth rates,2019,Gernot,,,Applied Economics Letters,26,1,,79,82,NA,NA,1,NST,,,10.1080/13504851.2018.1438581,,https://www.scopus.com/inward/record.url?eid=2-s2.0-85041927061&partnerID=40&md5=c253cfc451c01efb59abd1c5f40f09f1,,Article,Final,,Scopus,2-s2.0-85041927061,
793,"Brock, W., Xepapadeas, A.",35319716100; 6701402028,Regional Climate Change Policy Under Positive Feedbacks and Strategic Interactions,2019,James,,,Environmental and Resource Economics,72,1,,51,75,NA,NA,1,NST,,,10.1007/s10640-018-0254-8,,https://www.scopus.com/inward/record.url?eid=2-s2.0-85046907523&partnerID=40&md5=8bb8ac7a3150d045b288acb6d867577d,,Article,Final,,Scopus,2-s2.0-85046907523,
1663,"Nordhaus, W.D.",7.00E+09,Revisiting the social cost of carbon,2017,Moritz,,,Proceedings of the National Academy of Sciences of the United States of America,114,7,,1518,1523,NA,187,1,NST,,,10.1073/pnas.1609244114,,https://www.scopus.com/inward/record.url?eid=2-s2.0-85013078266&partnerID=40&md5=ec8aa50411d0a54606914ca069b495bb,,Article,Final,Open Access,Scopus,2-s2.0-85013078266,
3377,"Anthoff, D., Tol, R.S.J., Yohe, G.W.",13002913500; 55765581600; 7004304399,"Risk aversion, time preference, and the social cost of carbon",2009,Gernot,,,Environmental Research Letters,4,2,24002,,,NA,59,1,CT,,,10.1088/1748-9326/4/2/024002,,https://www.scopus.com/inward/record.url?eid=2-s2.0-67650221268&partnerID=40&md5=ad51172c90e9993119b85a9f3a74e0ab,,Article,Final,Open Access,Scopus,2-s2.0-67650221268,
2564,"Howarth, R.B., Gerst, M.D., Borsuk, M.E.",7101808750; 25124028800; 6603669002,Risk mitigation and the social cost of carbon,2014,Ivan,Not relevant,"Has estimated SCC values but as a function of mid-century mitigation rates, not any scenario that we can map to.",Global Environmental Change,24,1,,123,131,NA,15,1,NST,,,10.1016/j.gloenvcha.2013.11.012,,https://www.scopus.com/inward/record.url?eid=2-s2.0-84894294903&partnerID=40&md5=e980fb0d79cbc12c24c68498128d56fc,,Article,Final,,Scopus,2-s2.0-84894294903,
2003,"Cai, Y., Lenton, T.M., Lontzek, T.S.",35796984200; 7004637798; 53980219400,Risk of multiple interacting tipping points should encourage rapid CO<inf>2</inf> emission reduction,2016,Simon,Added,,Nature Climate Change,6,5,,520,525,NA,66,1,NST,,,10.1038/nclimate2964,,https://www.scopus.com/inward/record.url?eid=2-s2.0-84964958169&partnerID=40&md5=f91d50f4b148273641dbcbb7244f3d74,,Article,Final,,Scopus,2-s2.0-84964958169,
3699,"Kousky, C; Kopp, RE; Cooke, R",NA,Risk Premia and the Social Cost of Carbon: A Review,2011,Moritz,,,ECONOMICS-THE OPEN ACCESS OPEN-ASSESSMENT E-JOURNAL,5,,201121,,,NA,5,NA,CT,1,HFW,10.5018/economics-ejournal.ja.2011-21,,NA,,J,NA,"DOAJ Gold, Green Accepted",WebofScience,NA,NA
1846,"Li, X., Narajabad, B., Temzelides, T.",57191964289; 37004492400; 6602948322,Robust dynamic energy use and climate change,2016,Delavane,,,Quantitative Economics,7,3,,821,857,NA,3,1,NST,,,10.3982/QE463,,https://www.scopus.com/inward/record.url?eid=2-s2.0-84995479960&partnerID=40&md5=81b5c788f55adca5fe552c7e07c894d2,,Article,Final,Open Access,Scopus,2-s2.0-84995479960,
2249,"Rezai, A., van der Ploeg, F.",36859652300; 6701915911,Robustness of a simple rule for the social cost of carbon,2015,Gernot,,,Economics Letters,132,,,48,55,NA,6,1,NST,,,10.1016/j.econlet.2015.04.007,,https://www.scopus.com/inward/record.url?eid=2-s2.0-84929158304&partnerID=40&md5=f2f83937059978725171e48b05b56539,,Article,Final,,Scopus,2-s2.0-84929158304,
1632,"Duan, H., Zhang, G., Fan, Y., Wang, S.",55588602700; 55959630900; 7403491920; 35195168500,Role of endogenous energy efficiency improvement in global climate change mitigation,2017,Delavane,,,Energy Efficiency,10,2,,459,473,NA,8,1,NST,,,10.1007/s12053-016-9468-1,,https://www.scopus.com/inward/record.url?eid=2-s2.0-84983002212&partnerID=40&md5=fde064bf9de87b0953ea10df44e2b95b,,Article,Final,,Scopus,2-s2.0-84983002212,
2218,"Havranek, ., Irsova, Z., Janda, K., Zilberman, D.",24453189000; 37080793200; 56240770500; 35578894000,Selective reporting and the social cost of carbon,2015,Moritz,,,Energy Economics,51,,,394,406,NA,32,1,NST,,,10.1016/j.eneco.2015.08.009,,https://www.scopus.com/inward/record.url?eid=2-s2.0-84940541889&partnerID=40&md5=4574be13743a6eb200d46c04e1720e57,,Article,Final,,Scopus,2-s2.0-84940541889,
1157,"Yoo, J., Mendelsohn, R.",56697758500; 57206544769,Sensitivity of mitigation to the optimal global temperature: An experiment with dice,2018,Ivan,Added,,Climate Change Economics,9,2,1850003,,,NA,NA,NA,AZ,1,HFW,10.1142/S2010007818500033,,https://www.scopus.com/inward/record.url?eid=2-s2.0-85040225624&partnerID=40&md5=d6f32c843286d96cf31b3d872eeccb30,,Article,Final,,Scopus,2-s2.0-85040225624,
2409,"Prata, J., Arsenio, E., Pontes, J.P.",56067151200; 6507909634; 57196754087,"Setting a city strategy for low Carbon Emissions: The role of electric vehicles, renewable energy and Energy Efficiency",2015,Fran,Not relevant,Uses the SCC to quantify benefits of EVs in Portugal,International Journal of Sustainable Development and Planning,10,2,,190,202,NA,2,1,NST,,,10.2495/SDP-V10-N2-190-202,,https://www.scopus.com/inward/record.url?eid=2-s2.0-84951103993&partnerID=40&md5=b5756dc84c9e45a9b9c2d9d60d08d5c0,,Article,Final,Open Access,Scopus,2-s2.0-84951103993,
1998,"González-Eguino, M., Neumann, M.B.",36113329600; 57202617012,Significant implications of permafrost thawing for climate change control,2016,Simon,Added,,Climatic Change,136,2,,381,388,NA,8,1,NST,,,10.1007/s10584-016-1666-5,,https://www.scopus.com/inward/record.url?eid=2-s2.0-84962855334&partnerID=40&md5=f079e0ba3db6fa491927e1118e086d5f,,Article,Final,Open Access,Scopus,2-s2.0-84962855334,
789,"van der Ploeg, F., Rezai, A.",6701915911; 36859652300,Simple Rules for Climate Policy and Integrated Assessment,2019,Gernot,,,Environmental and Resource Economics,72,1,,77,108,NA,2,1,NST,,,10.1007/s10640-018-0280-6,,https://www.scopus.com/inward/record.url?eid=2-s2.0-85052509272&partnerID=40&md5=ce50534dba32fb54b4eb86557c34a255,,Article,Final,Open Access,Scopus,2-s2.0-85052509272,
966,"Yang, P., Yao, Y.-F., Mi, Z., Cao, Y.-F., Liao, H., Yu, B.-Y., Liang, Q.-M., Coffman, D.M., Wei, Y.-M.",57202120869; 55915315700; 55272317400; 57201420984; 55222159400; 38663804100; 13002620600; 56603101200; 13005705700,Social cost of carbon under shared socioeconomic pathways,2018,James,,,Global Environmental Change,53,,,225,232,NA,11,1,NST,,,10.1016/j.gloenvcha.2018.10.001,,https://www.scopus.com/inward/record.url?eid=2-s2.0-85054789893&partnerID=40&md5=c6c54a46bfe58b2d43bae541b3afc13d,,Article,Final,,Scopus,2-s2.0-85054789893,
836,"Howard, P., Livermore, M.A.",56154306100; 14019625400,Sociopolitical feedbacks and climate change,2019,Fran,Not relevant,"Super interesting paper, but only reports total damages, not marginal SCC",Harvard Environmental Law Review,43,1,,119,174,NA,NA,NA,NST,1,HFW,,,https://www.scopus.com/inward/record.url?eid=2-s2.0-85072249852&partnerID=40&md5=f4f03d0d309f2e14784052a65b9cd99a,,Article,Final,,Scopus,2-s2.0-85072249852,
1339,"Heutel, G., Moreno-Cruz, J., Shayegh, S.",15848279900; 36872459400; 56287003100,"Solar geoengineering, uncertainty, and the price of carbon",2018,Delavane,,,Journal of Environmental Economics and Management,87,,,24,41,NA,7,1,NST,,,10.1016/j.jeem.2017.11.002,,https://www.scopus.com/inward/record.url?eid=2-s2.0-85034760471&partnerID=40&md5=6f9ca4f0c8fe992304460b7c70b70644,,Article,Final,,Scopus,2-s2.0-85034760471,
2856,"Yohe, G., Hope, C.",7004304399; 7005311126,Some thoughts on the value added from a new round of climate change damage estimates,2013,Moritz,,,Climatic Change,117,3,,451,465,NA,4,1,CT,,,10.1007/s10584-012-0563-9,,https://www.scopus.com/inward/record.url?eid=2-s2.0-84874948492&partnerID=40&md5=1af8567101db5ed7f9a91893f313585c,,Article,Final,,Scopus,2-s2.0-84874948492,
3447,"Kypreos, S.",6.60E+09,Stabilizing global temperature change below thresholds: Monte Carlo analyses with MERGE,2008,Ivan,Not relevant,Uses a carbon tax in the model but does not report it except for the mean value over the entire century,Computational Management Science,5,2-Jan,,141,170,NA,7,1,CT,,,10.1007/s10287-007-0049-9,,https://www.scopus.com/inward/record.url?eid=2-s2.0-38349075935&partnerID=40&md5=84203da804e1d1fe892ae3d334256db7,,Article,Final,,Scopus,2-s2.0-38349075935,
320,"Hua, W., Li, D., Sun, H., Matthews, P.",57200147594; 56383164900; 8865475600; 14826653300,Stackelberg game-theoretic model for low carbon energy market scheduling,2020,James,,,IET Smart Grid,3,1,,31,41,NA,1,NA,NST,1,HFW,10.1049/iet-stg.2018.0109,,https://www.scopus.com/inward/record.url?eid=2-s2.0-85085532735&partnerID=40&md5=df3122b3bc132e1faab40514db620374,,Article,Final,Open Access,Scopus,2-s2.0-85085532735,
2321,"Lontzek, T.S., Cai, Y., Judd, K.L., Lenton, T.M.",53980219400; 35796984200; 7005438447; 7004637798,Stochastic integrated assessment of climate tipping points indicates the need for strict climate policy,2015,Simon,Added,,Nature Climate Change,5,5,,441,444,NA,74,1,NST,,,10.1038/nclimate2570,,https://www.scopus.com/inward/record.url?eid=2-s2.0-84928534447&partnerID=40&md5=c22642c73aae0761205ac965a76fd1ac,,Article,Final,,Scopus,2-s2.0-84928534447,
1988,"Engström, G.",3.49E+10,Structural and climatic change,2016,Fran,,,Structural Change and Economic Dynamics,37,,,62,74,NA,5,1,NST,,,10.1016/j.strueco.2015.11.007,,https://www.scopus.com/inward/record.url?eid=2-s2.0-84953931559&partnerID=40&md5=0f6b7dfd374feb229d5fe03c172c8e7f,,Article,Final,,Scopus,2-s2.0-84953931559,
837,"Hagem, C., Storrsten, H.B.",6602345055; 57205621169,Supply- versus Demand-Side Policies in the Presence of Carbon Leakage and the Green Paradox,2019,Delavane,,,Scandinavian Journal of Economics,121,1,,379,406,NA,2,1,NST,,,10.1111/sjoe.12277,,https://www.scopus.com/inward/record.url?eid=2-s2.0-85054903056&partnerID=40&md5=9166f3b97a13e9bf7ba3a28e55e6eed8,,Article,Final,,Scopus,2-s2.0-85054903056,
1066,"Schumacher, I.",2.35E+10,The aggregation dilemma in climate change policy evaluation,2018,Gernot,,,Climate Change Economics,9,3,1850008,,,NA,2,1,AZ,,,10.1142/S2010007818500082,,https://www.scopus.com/inward/record.url?eid=2-s2.0-85051280060&partnerID=40&md5=733c14c4e13c10826d9528c52e8b313d,,Article,Final,,Scopus,2-s2.0-85051280060,
803,"van der Ploeg, F., Rezai, A.",6701915911; 36859652300,The agnostic's response to climate deniers: Price carbon!,2019,James,,,European Economic Review,111,,,70,84,NA,3,1,NST,,,10.1016/j.euroecorev.2018.08.010,,https://www.scopus.com/inward/record.url?eid=2-s2.0-85054698884&partnerID=40&md5=686d21076b48b649be3d457449afdea6,,Article,Final,,Scopus,2-s2.0-85054698884,
3020,"Hof, A.F., Hope, C.W., Lowe, J., Mastrandrea, M.D., Meinshausen, M., van Vuuren, D.P.",12238851300; 7005311126; 25030776200; 6602804620; 23991359200; 7003501910,The benefits of climate change mitigation in integrated assessment models: The role of the carbon cycle and climate component,2012,Moritz,,,Climatic Change,113,4-Mar,,897,917,NA,22,1,CT,,,10.1007/s10584-011-0363-7,,https://www.scopus.com/inward/record.url?eid=2-s2.0-84864550933&partnerID=40&md5=31a81df85bc1462b8ee8217d108a7129,,Article,Final,,Scopus,2-s2.0-84864550933,
2201,"Pottier, A., Espagne, E., Perrissin Fabert, B., Dumas, P.",55452147300; 56012803800; 55123143100; 8121925500,The Comparative Impact of Integrated Assessment Models’ Structures on Optimal Mitigation Policies,2015,Simon,Added,,Environmental Modeling and Assessment,20,5,,453,473,NA,2,1,NST,,,10.1007/s10666-015-9443-9,,https://www.scopus.com/inward/record.url?eid=2-s2.0-84940574931&partnerID=40&md5=76a1bf853640f3d129a77e4fa42c956d,,Article,Final,,Scopus,2-s2.0-84940574931,
1393,"Budolfson, M., Dennig, F., Fleurbaey, M., Siebert, A., Socolow, R.H.",57031877600; 57031858900; 6602530940; 56909741300; 6603772388,"The comparative importance for optimal climate policy of discounting, inequalities and catastrophes",2017,Fran,Added,,Climatic Change,145,4-Mar,,481,494,NA,5,1,NST,,,10.1007/s10584-017-2094-x,,https://www.scopus.com/inward/record.url?eid=2-s2.0-85032365454&partnerID=40&md5=d890179495ddc623020e3026131cc237,,Article,Final,Open Access,Scopus,2-s2.0-85032365454,
3483,"Dangl, T., Wirl, F.",6507189440; 7005726725,The consequences of irreversibility on optimal intertemporal emission policies under uncertainty,2007,Ivan,Added,,Central European Journal of Operations Research,15,2,,143,166,NA,3,NA,CT,1,NST,10.1007/s10100-007-0023-1,,https://www.scopus.com/inward/record.url?eid=2-s2.0-34250311730&partnerID=40&md5=0405e526cbeb046515ffb5df003bd0df,,Article,Final,,Scopus,2-s2.0-34250311730,
2566,"Pycroft, J., Vergano, L., Hope, C.",55216663300; 22987069000; 7005311126,The economic impact of extreme sea-level rise: Ice sheet vulnerability and the social cost of carbon dioxide,2014,Delavane,,,Global Environmental Change,24,1,,99,107,NA,5,1,NST,,,10.1016/j.gloenvcha.2013.08.017,,https://www.scopus.com/inward/record.url?eid=2-s2.0-84894375278&partnerID=40&md5=b235a13bf585c14b38b7b622ed5eacac,,Article,Final,,Scopus,2-s2.0-84894375278,
2360,"Nocera, S., Tonin, S., Cavallaro, F.",6701688799; 23478482700; 50861201600,"The economic impact of greenhouse gas abatement through a meta-analysis: Valuation, consequences and implications in terms of transport policy",2015,James,,,Transport Policy,37,,,31,43,NA,29,1,NST,,,10.1016/j.tranpol.2014.10.004,,https://www.scopus.com/inward/record.url?eid=2-s2.0-84991858778&partnerID=40&md5=06f0ee3e64eaf6cf4ab5dcd7760f733c,,Article,Final,,Scopus,2-s2.0-84991858778,
1252,"Tol, R.S.J.",5.58E+10,The economic impacts of climate change,2018,Moritz,,,Review of Environmental Economics and Policy,12,1,,4,25,NA,74,1,NST,,,10.1093/reep/rex027,,https://www.scopus.com/inward/record.url?eid=2-s2.0-85042929988&partnerID=40&md5=cf83f34eb162ffb8b62897da17895ae8,,Article,Final,,Scopus,2-s2.0-85042929988,
461,"Ueckerdt, F., Frieler, K., Lange, S., Wenz, L., Luderer, G., Levermann, A.",55810286300; 25639753800; 56183904600; 56422119800; 15069126500; 8856583300,The economically optimal warming limit of the planet,2019,Fran,Not relevant,"Only reports total costs, not marginal",Earth System Dynamics,10,4,,741,763,NA,2,NA,NST,1,HFW,10.5194/esd-10-741-2019,,https://www.scopus.com/inward/record.url?eid=2-s2.0-85075279759&partnerID=40&md5=ff2bb29e7e9d9f0f605b4e79b1ff2521,,Article,Final,Open Access,Scopus,2-s2.0-85075279759,
3535,"Ackerman, F., Finlayson, I.J.",36877553300; 55367879300,The economics of inaction on climate change: A sensitivity analysis,2006,Gernot,,,Climate Policy,6,5,,509,526,NA,19,NA,CT,1,NST,10.1080/14693062.2006.9685617,,https://www.scopus.com/inward/record.url?eid=2-s2.0-34249804472&partnerID=40&md5=255d1598bedb8dcec777d568daaa2378,,Article,Final,,Scopus,2-s2.0-34249804472,
3360,"Tol, R.S.J.",5.58E+10,The feasibility of low concentration targets: An application of FUND,2009,Simon,Not relevant,,Energy Economics,31,SUPPL. 2,,S121,S130,NA,17,NA,CT,1,NST,10.1016/j.eneco.2009.07.004,,https://www.scopus.com/inward/record.url?eid=2-s2.0-70749156591&partnerID=40&md5=09219327bb0533b45efc89492502223f,,Article,Final,,Scopus,2-s2.0-70749156591,
3385,"Anthoff, D., Tol, R.S.J.",13002913500; 55765581600,The impact of climate change on the balanced growth equivalent: An application of FUND,2009,Fran,Added,,Environmental and Resource Economics,43,3,,351,367,NA,41,1,CT,,,10.1007/s10640-009-9269-5,,https://www.scopus.com/inward/record.url?eid=2-s2.0-67650863214&partnerID=40&md5=cca123a90faf3eca5fe0970e982bf37a,,Article,Final,Open Access,Scopus,2-s2.0-67650863214,
805,"Zhen, Z., Tian, L.",57190606849; 7202296248,The impact of climate damage function on the social cost of carbon and economic growth rate,2019,Delavane,,,Mitigation and Adaptation Strategies for Global Change,,,,,,NA,1,1,NST,,,10.1007/s11027-019-09908-y,,https://www.scopus.com/inward/record.url?eid=2-s2.0-85076861421&partnerID=40&md5=98c1a817ef5d806bedd5e023a314a1dd,,Article,Article in Press,,Scopus,2-s2.0-85076861421,
3686,"Wong, KY; Chuah, JH; Hope, C",NA,The impact of time horizon on integrated climate assessment models,2015,Gernot,,,CLEAN TECHNOLOGIES AND ENVIRONMENTAL POLICY,17,8,,2361,2374,NA,2,NA,CT,1,HFW,10.1007/s10098-015-0978-x,,NA,,J,NA,,WebofScience,NA,NA
1293,"Quiggin, J.",7.00E+09,The importance of ‘extremely unlikely’ events: tail risk and the costs of climate change,2018,Ivan,Added,,Australian Journal of Agricultural and Resource Economics,62,1,,4,20,NA,1,1,NST,,,10.1111/1467-8489.12238,,https://www.scopus.com/inward/record.url?eid=2-s2.0-85040072588&partnerID=40&md5=43b114a2aecc34a57b1540a5ca1a2c15,,Article,Final,,Scopus,2-s2.0-85040072588,
3017,"Kopp, R.E., Golub, A., Keohane, N.O., Onda, C.",7102794612; 7006729790; 6602452370; 55338418300,The influence of the specification of climate change damages on the social cost of carbon,2012,James,,,Economics,6,,,,,NA,33,1,CT,,,10.5018/economics-ejournal.ja.2012-13,,https://www.scopus.com/inward/record.url?eid=2-s2.0-84865096524&partnerID=40&md5=cca144c7151941df70cce3acac7cba05,,Article,Final,Open Access,Scopus,2-s2.0-84865096524,
2628,"Gollier, C., Hammitt, J.K.",7004141165; 56478640200,The long-run discount rate controversy,2014,Fran,Not relevant,Review of discounting,Annual Review of Resource Economics,6,1,,273,295,NA,22,1,NST,,,10.1146/annurev-resource-100913-012516,,https://www.scopus.com/inward/record.url?eid=2-s2.0-84908285335&partnerID=40&md5=25986276a1ecad48bed3ee1db17d2fc3,,Article,Final,,Scopus,2-s2.0-84908285335,
2485,"Waldhoff, S., Anthoff, D., Rose, S., Tol, R.S.J.",6507819469; 13002913500; 15825990000; 55765581600,The marginal damage costs of different greenhouse gases: An application of FUND,2014,Ivan,Added,,Economics,8,,,,,NA,30,1,NST,,,10.5018/economics-ejournal.ja.2014-31,,https://www.scopus.com/inward/record.url?eid=2-s2.0-84907685431&partnerID=40&md5=582fb6730ad530b08a69772448ca12b1,,Article,Final,Open Access,Scopus,2-s2.0-84907685431,
2324,"Greenberg, D., Fang, C.C.",56597465900; 55826663700,The myth of climate neutrality: Carbon onsetting as an alternative to carbon offsetting,2015,Simon,Not relevant,,Sustainability (United States),8,2,,70,75,NA,2,1,NST,,,10.1089/SUS.2015.0017,,https://www.scopus.com/inward/record.url?eid=2-s2.0-84928015504&partnerID=40&md5=fa45342b4f6e59ae2bead0bf3c93f21e,,Article,Final,,Scopus,2-s2.0-84928015504,
277,"van der Ploeg, F., Rezai, A.",6701915911; 36859652300,The risk of policy tipping and stranded carbon assets,2020,Delavane,,,Journal of Environmental Economics and Management,100,,102258,,,NA,4,1,NST,,,10.1016/j.jeem.2019.102258,,https://www.scopus.com/inward/record.url?eid=2-s2.0-85072405346&partnerID=40&md5=01e03777bcba8fd670347f28cda950f2,,Article,Final,,Scopus,2-s2.0-85072405346,
2501,"Marten, A.L.",4.22E+10,The role of scenario uncertainty in estimating the benefits of carbon mitigation,2014,Ivan,Added,,Climate Change Economics,5,3,1450007,,,NA,NA,1,NST,,,10.1142/S2010007814500079,,https://www.scopus.com/inward/record.url?eid=2-s2.0-85073476547&partnerID=40&md5=3fb1bf648621236e738326d057c085a5,,Article,Final,,Scopus,2-s2.0-85073476547,
825,"Emmerling, J., Drouet, L., van der Wijst, K.-I., van Vuuren, D., Bosetti, V., Tavoni, M.",56524474400; 55618509700; 57216393623; 7003501910; 6507549454; 21744127000,The role of the discount rate for emission pathways and negative emissions,2019,Gernot,,,Environmental Research Letters,14,10,104008,,,NA,6,1,NST,,,10.1088/1748-9326/ab3cc9,,https://www.scopus.com/inward/record.url?eid=2-s2.0-85083582424&partnerID=40&md5=92da66b64acf44123a7162242dd4de74,,Article,Final,Open Access,Scopus,2-s2.0-85083582424,
1214,"van der Ploeg, F.",6.70E+09,The safe carbon budget,2018,James,,,Climatic Change,147,2-Jan,,47,59,NA,10,1,AZ,,,10.1007/s10584-017-2132-8,,https://www.scopus.com/inward/record.url?eid=2-s2.0-85041099507&partnerID=40&md5=4cf74f2f8e219a40fd62dbe3d83a1f51,,Article,Final,Open Access,Scopus,2-s2.0-85041099507,
1212,"van der Ploeg, F., Rezai, A.",6701915911; 36859652300,The simple arithmetic of carbon pricing and stranded assets,2018,Fran,Not relevant,Reporting an simply analytic approximation to DICE - documents similarity of results but no extensions / additions => not an original SCC result,Energy Efficiency,11,3,,627,639,NA,3,1,AZ,,,10.1007/s12053-017-9592-6,,https://www.scopus.com/inward/record.url?eid=2-s2.0-85038615441&partnerID=40&md5=9ece7db4c364ff34645bd1c113b18d57,,Article,Final,Open Access,Scopus,2-s2.0-85038615441,
2270,"Shindell, D.T.",7.00E+09,The social cost of atmospheric release,2015,Ivan,Added,,Climatic Change,130,2,,313,326,NA,71,1,NST,,,10.1007/s10584-015-1343-0,,https://www.scopus.com/inward/record.url?eid=2-s2.0-84940009194&partnerID=40&md5=816a83999f75adc9aeb2cac7a51256ee,,Article,Final,Open Access,Scopus,2-s2.0-84940009194,
3156,"Stanton, E.",2.04E+10,The social cost of carbon,2011,Moritz,Not relevant - summary of results contained in ID3016!,,Environmental Forum,28,6,,38,41,NA,1,1,CT,,,,,https://www.scopus.com/inward/record.url?eid=2-s2.0-83455250656&partnerID=40&md5=0c6dce32c7c451a13133513eef020fbc,,Article,Final,,Scopus,2-s2.0-83455250656,
729,"Pindyck, R.S.",6.70E+09,The social cost of carbon revisited,2019,Delavane,,,Journal of Environmental Economics and Management,94,,,140,160,NA,26,1,NST,,,10.1016/j.jeem.2019.02.003,,https://www.scopus.com/inward/record.url?eid=2-s2.0-85062231405&partnerID=40&md5=434fbf00d1854bb75f905623c51c43b7,,Article,Final,,Scopus,2-s2.0-85062231405,
436,"Cai, Y., Lontzek, T.S.",35796984200; 53980219400,The social cost of carbon with economic and climate risks,2019,Ivan,Added,,Journal of Political Economy,127,6,,2684,2734,NA,12,1,NST,,,10.1086/701890,,https://www.scopus.com/inward/record.url?eid=2-s2.0-85067389213&partnerID=40&md5=15c73cf8d9f7ff85bde892bf7f3183ac,,Article,Final,,Scopus,2-s2.0-85067389213,
2890,"Johnson, L.T., Yeh, S., Hope, C.",57190062635; 55892819100; 7005311126,The social cost of carbon: Implications for modernizing our electricity system,2013,Delavane,,,Journal of Environmental Studies and Sciences,3,4,,369,375,NA,14,1,CT,,,10.1007/s13412-013-0149-5,,https://www.scopus.com/inward/record.url?eid=2-s2.0-84977100931&partnerID=40&md5=36461fb909b2fd7a2611fba306933df2,,Article,Final,,Scopus,2-s2.0-84977100931,
2580,"Luttrell, M.J.",7.00E+09,The social cost of inertia: How cost-benefit incoherence threatens to derail U.S. climate action,2014,James,,,Duke Environmental Law and Policy Forum,25,1,,131,183,NA,2,1,NST,,,,,https://www.scopus.com/inward/record.url?eid=2-s2.0-84961289289&partnerID=40&md5=c26b4d8f5c8fcee26aa20e82c8ffb698,,Article,Final,,Scopus,2-s2.0-84961289289,
3372,"Tol, R.S.J., Yohe, G.W.",55765581600; 7004304399,The Stern Review: A deconstruction,2009,Simon,Not relevant,,Energy Policy,37,3,,1032,1040,NA,16,NA,CT,1,NST,10.1016/j.enpol.2008.11.008,,https://www.scopus.com/inward/record.url?eid=2-s2.0-59249097588&partnerID=40&md5=789b2d0b49c7848d78b26ac7ec6d9e77,,Article,Final,,Scopus,2-s2.0-59249097588,
1685,"Asplund, D.",5.72E+10,The temporal aspects of the social cost of greenhouse gases,2017,Moritz,,,Economics and Policy of Energy and the Environment,2017,3,,25,39,NA,NA,1,NST,,,10.3280/EFE2017-003002,,https://www.scopus.com/inward/record.url?eid=2-s2.0-85053599173&partnerID=40&md5=19311b159ab0bb01b2b7865824e09dce,,Article,Final,,Scopus,2-s2.0-85053599173,
3018,"Kopp, R.E., Mignone, B.K.",7102794612; 16646699400,The U.S. government's social cost of carbon estimates after their first two years: Pathways for improvement,2012,Fran,Not relevant,Review of IWG methodology and issues,Economics,6,,,,,NA,35,NA,CT,1,NST,10.5018/economics-ejournal.ja.2012-15,,https://www.scopus.com/inward/record.url?eid=2-s2.0-84865066003&partnerID=40&md5=a409b934ebce5bf18bed2338120dafc1,,Article,Final,Open Access,Scopus,2-s2.0-84865066003,
344,"Archer, D., Kite, E., Lusk, G.",57203174793; 23090619000; 57188831125,The ultimate cost of carbon,2020,Ivan,Not relevant,Paper specifically says not to compare to SCCs,Climatic Change,,,,,,NA,NA,NA,NST,1,HFW,10.1007/s10584-020-02785-4,,https://www.scopus.com/inward/record.url?eid=2-s2.0-85087898235&partnerID=40&md5=bffe5510973289c1d0b6a4d53e83b6b0,,Article,Article in Press,Open Access,Scopus,2-s2.0-85087898235,
2893,"Anthoff, D., Tol, R.S.J.",13002913500; 55765581600,The uncertainty about the social cost of carbon: A decomposition analysis using fund,2013,James,,,Climatic Change,117,3,,515,530,NA,62,NA,CT,1,NST,10.1007/s10584-013-0706-7,,https://www.scopus.com/inward/record.url?eid=2-s2.0-84874950414&partnerID=40&md5=739d7058755bcbbe217829beb4f5e1ba,,Article,Final,,Scopus,2-s2.0-84874950414,
1104,"Linnenluecke, M., Smith, T., Whaley, R.E.",34768782000; 57196435151; 7005965230,The unpaid social cost of carbon: Introducing a framework to estimate “legal looting” in the fossil fuel industry,2018,Delavane,,,Accounting Research Journal,31,2,,122,134,NA,5,1,AZ,,,10.1108/ARJ-08-2017-0138,,https://www.scopus.com/inward/record.url?eid=2-s2.0-85053237244&partnerID=40&md5=81e91854450dc3decaf2ecc864456fe5,,Article,Final,Open Access,Scopus,2-s2.0-85053237244,
1687,"Pindyck, R.S.",6.70E+09,The use and misuse of models for climate policy,2017,Gernot,,,Review of Environmental Economics and Policy,11,1,rew017,100,114,NA,74,1,NST,,,10.1093/reep/rew012,,https://www.scopus.com/inward/record.url?eid=2-s2.0-85017214364&partnerID=40&md5=072313dfbe5a09eab356b6e16c222bb1,,Article,Final,Open Access,Scopus,2-s2.0-85017214364,
658,"Sproul, E., Barlow, J., Quinn, J.C.",36161272500; 57191033211; 36562288100,Time Value of Greenhouse Gas Emissions in Life Cycle Assessment and Techno-Economic Analysis,2019,Moritz,,,Environmental Science and Technology,53,10,,6073,6080,NA,3,NA,HFW,1,NST,10.1021/acs.est.9b00514,,https://www.scopus.com/inward/record.url?eid=2-s2.0-85065759073&partnerID=40&md5=252b3535bc153ebce362d532d3c37a88,,Article,Final,Open Access,Scopus,2-s2.0-85065759073,
1286,"Faulwasser, T., Nydestedt, R., Kellett, C.M., Weller, S.R.",24470752600; 57202585698; 6603739953; 7202503383,Towards a FAIR-DICE IAM: Combining DICE and FAIR Models <sup>?</sup>,2018,Simon,Added,,IFAC-PapersOnLine,51,5,,126,131,NA,NA,1,NST,,,10.1016/j.ifacol.2018.06.222,,https://www.scopus.com/inward/record.url?eid=2-s2.0-85048792935&partnerID=40&md5=f7fb1f17ea028c9c8950d3ae61ad1c17,,Article,Final,Open Access,Scopus,2-s2.0-85048792935,
2636,"Pezzey, J.C.V., Burke, P.J.",57203702036; 55150234500,Towards a more inclusive and precautionary indicator of global sustainability,2014,Gernot,,,Ecological Economics,106,,,141,154,NA,11,1,NST,,,10.1016/j.ecolecon.2014.07.008,,https://www.scopus.com/inward/record.url?eid=2-s2.0-84906057808&partnerID=40&md5=90fa624c04f0b73d74a3e94dcdf3c56c,,Article,Final,,Scopus,2-s2.0-84906057808,
3771,"Marten, Alex L",NA,Transient Temperature Response Modeling in IAMs: The Effects of Over Simplification on the SCC,2011,James,,,"Economics: The Open-Access, Open-Assessment E-Journal",5,,NA,,NA,NA,NA,NA,CT,1,NST,,,https://search.proquest.com/docview/925698575?accountid=14505,,Scholarly Journals,NA,NA,EconLit,NA,NA
173,"Bachner, G., Mayer, J., Steininger, K.W., Anger-Kraavi, A., Smith, A., Barker, T.S.",56073880300; 57204727110; 6701445158; 57193220656; 57208297277; 7103052504,Uncertainties in macroeconomic assessments of low-carbon transition pathways - The case of the European iron and steel industry,2020,Moritz,,,Ecological Economics,172,,106631,,,NA,1,1,NST,,,10.1016/j.ecolecon.2020.106631,,https://www.scopus.com/inward/record.url?eid=2-s2.0-85080147703&partnerID=40&md5=41aa4fdc00fcaeeb356aaa8d06a33965,,Article,Final,Open Access,Scopus,2-s2.0-85080147703,
2548,"Anderson, B., Borgonovo, E., Galeotti, M., Roson, R.",55878050600; 6603293949; 16419724600; 55877939100,Uncertainty in climate change modeling: Can global sensitivity analysis be of help?,2014,Gernot,,,Risk Analysis,34,2,,271,293,NA,51,1,NST,,,10.1111/risa.12117,,https://www.scopus.com/inward/record.url?eid=2-s2.0-84894282240&partnerID=40&md5=908a1d0a43c517ba3907126970299ce9,,Article,Final,,Scopus,2-s2.0-84894282240,
1598,"Rose, S.K., Diaz, D.B., Blanford, G.J.",15825990000; 56519315300; 23977456900,Understanding the social cost of carbon: A model diagnostic and inter-comparison study,2017,Delavane,,,Climate Change Economics,8,2,1750009,,,NA,12,1,NST,,,10.1142/S2010007817500099,,https://www.scopus.com/inward/record.url?eid=2-s2.0-85021813385&partnerID=40&md5=323f8e982bf283191a83084758208a97,,Article,Final,Open Access,Scopus,2-s2.0-85021813385,
2285,"van der Ploeg, F.",6.70E+09,Untapped fossil fuel and the green paradox: a classroom calibration of the optimal carbon tax,2015,Simon,Added,,Environmental Economics and Policy Studies,17,2,,185,210,NA,2,1,NST,,,10.1007/s10018-014-0097-7,,https://www.scopus.com/inward/record.url?eid=2-s2.0-84939958503&partnerID=40&md5=af2593dc00d84a8a69e848b5d988489b,,Article,Final,,Scopus,2-s2.0-84939958503,
2544,"Shirley, K., Cantrell, J., Kiser, K., Marland, E., Marland, G.",37000336600; 36999758400; 56020012300; 6507477785; 7007082281,Valuing uncertainty part II: The impact of risk charges in dealing with time issues in lifecycle analysis and GHG accounting,2014,Fran,Not relevant, Uncertainty in carbon sequestration,Carbon Management,5,1,,43,53,NA,1,1,NST,,,10.4155/cmt.13.76,,https://www.scopus.com/inward/record.url?eid=2-s2.0-84893181139&partnerID=40&md5=6953984d7c050d7afca751c605389be0,,Article,Final,Open Access,Scopus,2-s2.0-84893181139,
3291,"Warren, R., Mastrandrea, M.D., Hope, C., Hof, A.F.",22996291800; 6602804620; 7005311126; 12238851300,Variation in the climatic response to SRES emissions scenarios in integrated assessment models,2010,James,,,Climatic Change,102,3,,671,685,NA,15,1,CT,,,10.1007/s10584-009-9769-x,,https://www.scopus.com/inward/record.url?eid=2-s2.0-77957123637&partnerID=40&md5=04e4320306ee6825dda373f75376321a,,Article,Final,,Scopus,2-s2.0-77957123637,
1217,"Vogt-Schilb, A., Meunier, G., Hallegatte, S.",36132406800; 23971381800; 23392612400,"When starting with the most expensive option makes sense: Optimal timing, cost and sectoral allocation of abatement investment",2018,Ivan,Not relevant,"Not an IAM, focused on specific technologies",Journal of Environmental Economics and Management,88,,,210,233,NA,23,NA,AZ,1,HFW,10.1016/j.jeem.2017.12.001,,https://www.scopus.com/inward/record.url?eid=2-s2.0-85038815852&partnerID=40&md5=9621ee57a6e921d6acefd5add1f22a0f,,Article,Final,Open Access,Scopus,2-s2.0-85038815852,
2346,"Iverson, T., Denning, S., Zahran, S.",52563706800; 57202668073; 14120438000,When the long run matters: The joint effect of carbon decay and discounting,2015,Moritz,,,Climatic Change,129,2-Jan,,57,72,NA,3,1,NST,,,10.1007/s10584-014-1321-y,,https://www.scopus.com/inward/record.url?eid=2-s2.0-84925510826&partnerID=40&md5=305216c0d56af08d73658a8ae66ae2b7,,Article,Final,,Scopus,2-s2.0-84925510826,
200,"Su, K., Lee, C.-M.",57209685466; 56100904500,When will China achieve its carbon emission peak? A scenario analysis based on optimal control and the STIRPAT model,2020,Gernot,,,Ecological Indicators,112,,106138,,,NA,2,1,NST,,,10.1016/j.ecolind.2020.106138,,https://www.scopus.com/inward/record.url?eid=2-s2.0-85078705957&partnerID=40&md5=8b94bc1a2d8b5c94720b90e92f77966d,,Article,Final,,Scopus,2-s2.0-85078705957,
1625,"Thompson, R.",5.53E+10,Whither climate change post-Paris?,2017,Delavane,,,Anthropocene Review,4,1,,62,69,NA,2,1,NST,,,10.1177/2053019616676607,,https://www.scopus.com/inward/record.url?eid=2-s2.0-85018762270&partnerID=40&md5=328fa9d8ae5102939c77357269ad722d,,Article,Final,,Scopus,2-s2.0-85018762270,
819,"Pezzey, J.C.V.",5.72E+10,Why the social cost of carbon will always be disputed,2019,Simon,Not relevant,,Wiley Interdisciplinary Reviews: Climate Change,10,1,e558,,,NA,9,1,NST,,,10.1002/wcc.558,,https://www.scopus.com/inward/record.url?eid=2-s2.0-85056340324&partnerID=40&md5=2716fc9d678d281f902dad151fc81e02,,Article,Final,Open Access,Scopus,2-s2.0-85056340324,
476,"Schubert, K.",7.10E+09,Williamd. Nordhaus: Integratingclimatechange intolong-runmacroeconomicanalysis | William D. Nordhaus: Intégrer le changement climatique dans l’analyse macroéconomique de long terme,2019,Fran,Not relevant,"Review of DICE modeling framework, not original SCC",Revue d'Economie Politique,129,6,,887,908,NA,NA,1,NST,,,10.3917/redp.296.0887,,https://www.scopus.com/inward/record.url?eid=2-s2.0-85079811289&partnerID=40&md5=623aafd095acd5948e06afcd6b8d21b4,,Article,Final,,Scopus,2-s2.0-85079811289,
340,"Howard, P.H., Sylvan, D.",56154306100; 55507608800,Wisdom of the experts: Using survey responses to address positive and normative uncertainties in climate-economic models,2020,Moritz,,,Climatic Change,,,,,,NA,NA,1,NST,,,10.1007/s10584-020-02771-w,,https://www.scopus.com/inward/record.url?eid=2-s2.0-85087652034&partnerID=40&md5=b2a05c1fbc08294b662d158c9a8a09a9,,Article,Article in Press,,Scopus,2-s2.0-85087652034,
799,"Glynn, J., Gargiulo, M., Chiodi, A., Deane, P., Rogan, F., Ó Gallachóir, B.",55968455300; 37010926200; 55194331000; 56503614300; 40561650200; 13611881300,Zero carbon energy system pathways for Ireland consistent with the Paris Agreement,2019,Ivan,Not relevant,Energy systems stuff,Climate Policy,19,1,,30,42,NA,6,1,NST,,,10.1080/14693062.2018.1464893,,https://www.scopus.com/inward/record.url?eid=2-s2.0-85046037526&partnerID=40&md5=8f5bc1cd891b3ae2becc5771d1a9df6e,,Article,Final,Open Access,Scopus,2-s2.0-85046037526,
